a_zero_shot_depression_anxiety_comorbidity_gpt-3.5-turbo_seed_0,d_zero_shot_depression_anxiety_comorbidity_gpt-3.5-turbo_seed_0,a_zero_shot_depression_anxiety_comorbidity_gpt-4_seed_0,d_zero_shot_depression_anxiety_comorbidity_gpt-4_seed_0,a_true,d_true,id,a_few_shot_comorbidity_gpt-3.5-turbo_num_examples_1_seed_0_v1,d_few_shot_comorbidity_gpt-3.5-turbo_num_examples_1_seed_0_v1,a_few_shot_comorbidity_gpt-4_num_examples_1_seed_0_v1,d_few_shot_comorbidity_gpt-4_num_examples_1_seed_0_v1
1,1,0,1,0,1,8es6qn,0,1,0,1
1,1,1,1,1,1,ar89pm,1,1,1,1
1,1,0,1,1,1,5g4v1n,0,1,0,1
1,1,1,1,0,1,9x8h3g,0,1,0,1
1,1,1,1,1,1,es440i,1,1,1,1
0,1,0,1,0,1,8qs81x,0,1,0,1
0,1,0,1,0,1,dpx3i2,0,1,0,1
1,1,1,1,1,1,ez4lqg,0,1,1,1
1,1,1,1,1,1,c32kf6,1,1,1,1
1,1,1,1,1,1,dx4nn5,1,1,1,1
1,1,1,1,1,1,8q4fbu,1,1,1,1
1,1,1,1,1,1,858cbk,0,1,0,1
1,1,0,1,0,0,dty4lv,0,0,0,1
0,1,0,1,1,1,bws4gr,0,1,0,1
0,1,0,1,0,1,caro6p,0,1,0,1
1,1,1,1,1,1,5s5zle,1,1,1,1
1,1,1,1,0,1,avbgr5,1,1,0,1
1,1,1,1,1,1,9kezif,1,1,1,1
1,1,1,1,1,1,6dvr4n,1,0,1,1
1,1,1,1,1,1,cha2ht,1,1,1,1
1,1,1,1,1,1,80vf6n,1,1,1,1
1,1,0,1,0,1,6yqbp4,0,1,0,1
0,0,0,0,0,0,bvs0q2,0,0,1,0
1,1,1,1,1,1,7jq56f,1,1,1,1
1,1,0,1,0,0,a37w0e,1,1,1,1
1,1,0,1,0,1,aq1s4h,0,1,0,1
1,1,1,1,1,0,emikde,0,0,1,1
0,0,0,0,0,0,h9fn04,0,0,0,0
1,1,0,0,0,1,ax4wej,1,1,1,1
1,1,0,1,1,1,gsl45i,0,1,0,1
1,1,1,1,1,1,ij4c6z,1,1,1,1
0,1,0,1,0,1,d2tve2,0,1,0,1
0,0,0,0,0,0,4mfd88,0,1,0,0
1,1,0,1,0,1,5imvgl,0,1,0,1
1,1,1,1,1,1,idztd0,1,1,1,1
0,1,0,1,0,1,ee58l8,0,1,0,1
0,1,0,1,0,1,db88h2,0,1,0,1
0,1,0,1,0,1,enr8yz,0,1,0,1
0,1,0,1,0,1,fkai97,0,1,1,1
1,1,0,1,0,1,45it24,0,1,0,1
1,0,0,1,0,0,ablcn6,0,0,0,1
0,1,0,1,1,1,7uj559,0,1,0,1
1,1,1,1,1,1,gpdrk5,1,1,1,1
1,1,1,1,0,1,d3jk7z,1,1,1,1
0,1,0,1,0,1,bzbdrp,0,1,0,1
1,1,1,1,1,1,bv2nnb,1,1,1,1
1,1,1,1,1,1,5ezmxc,1,1,1,1
0,1,0,1,0,1,a34ffm,0,1,0,1
1,1,1,1,1,1,4iz9a3,1,1,1,1
0,1,0,1,0,1,7aurgt,0,1,0,1
1,1,0,1,0,1,abshck,0,1,0,1
0,1,0,1,0,1,fjmu6u,0,1,0,1
1,1,1,1,1,0,n7p89i,1,1,1,1
1,1,0,1,0,1,csl29i,0,1,0,1
1,1,0,1,0,1,fh64c5,0,1,1,1
0,1,0,1,0,1,oam6f2,0,1,1,1
1,1,1,1,1,1,jnk2pr,1,1,1,1
1,1,1,1,1,1,buvtch,0,1,1,1
0,1,0,1,0,1,h7tzc7,0,1,0,1
1,1,0,0,0,1,7g1kg6,0,0,0,0
1,1,1,1,0,1,l59o3y,0,1,1,1
1,1,1,1,1,1,epqftn,1,1,1,1
1,1,1,1,1,1,611d2l,1,1,1,1
1,1,1,1,1,1,71hstm,1,1,1,1
1,1,1,1,1,1,bvj3zz,1,1,1,1
0,1,0,1,0,1,gxwbra,0,1,0,1
1,1,1,1,1,1,eu9wod,1,1,1,1
0,1,0,1,0,1,b4jbxf,0,1,1,1
1,1,1,1,1,1,68vaat,1,1,1,1
1,1,1,1,0,0,ljkr4d,1,0,1,1
1,1,1,1,1,1,89l8dl,1,1,1,1
0,1,0,1,1,1,7h8kg3,0,1,1,1
1,1,0,0,0,0,dso2kc,0,0,0,1
1,1,1,1,1,1,59zauo,1,1,1,1
1,1,1,0,1,0,dq9c8x,1,1,1,1
1,1,1,1,0,0,drpymi,1,1,1,1
1,1,1,1,1,1,8f8ga7,1,1,1,1
1,1,0,1,1,0,6qc50l,0,1,0,1
0,1,0,1,0,0,6qc2ww,0,1,0,1
0,1,0,1,0,1,88yqvs,0,1,0,1
1,1,0,1,1,1,8bvj4g,0,1,1,1
1,0,0,0,0,0,d0102e,0,0,0,1
1,1,0,1,0,1,hp1llr,0,1,1,1
0,0,0,0,0,0,9a4cp1,0,1,0,0
1,1,0,0,0,0,532f4u,0,0,1,0
1,1,1,1,0,1,nvx9af,1,1,1,1
0,1,0,1,0,1,9e9ahc,0,1,0,1
1,1,1,1,0,1,ftwmqn,1,1,1,1
0,1,0,1,0,0,g6jhjh,0,1,0,1
1,1,0,1,0,1,gxx99z,0,1,0,1
1,1,1,1,1,1,585htw,1,1,1,1
1,1,1,1,1,1,dl5omy,1,1,1,1
1,1,1,1,1,1,c03jvo,1,1,1,1
1,1,0,1,0,1,e6x7x3,0,1,0,1
1,1,1,1,1,1,ag7u5a,0,1,0,1
1,1,0,1,0,1,d8fnbb,0,1,0,1
1,1,0,1,0,0,8mrw9l,0,1,0,1
0,0,0,0,0,0,4micpj,0,0,0,1
1,1,1,1,1,1,fg2pt7,1,1,1,1
1,1,0,1,0,1,d5om0u,0,1,1,1
1,1,1,1,1,1,husoni,1,0,1,0
1,1,0,1,0,0,6w913w,0,0,1,1
1,0,1,0,1,0,hf61le,1,0,1,0
0,1,0,1,0,1,4apfre,0,1,0,1
1,1,1,1,1,1,77hs9q,0,1,1,1
1,0,1,0,0,0,7lruth,0,0,1,0
0,1,0,1,0,1,4h7se4,0,1,0,1
0,1,0,1,0,1,ig2zxm,0,1,0,1
0,1,0,1,0,1,95dkbk,0,1,0,1
1,1,1,1,0,1,d92mz7,0,1,1,1
0,1,0,1,1,1,5y0l77,0,1,0,1
1,1,1,1,1,0,4372h3,1,1,1,1
1,1,1,1,1,1,c5wz8g,1,1,1,1
0,1,0,1,0,1,7hp8ir,0,1,0,1
1,1,1,1,1,1,5phgn9,1,1,1,1
1,1,1,1,1,1,ew6551,1,1,1,1
1,1,1,1,1,1,527p6z,1,1,1,1
1,1,1,1,0,0,719ws0,1,1,0,1
1,1,1,1,1,1,cdkwr7,1,1,1,1
0,1,0,1,0,1,5dqwph,0,1,0,1
1,1,1,0,1,0,9p0zqu,1,0,1,0
1,1,1,1,0,1,awuhk3,1,1,1,1
0,1,0,1,0,0,63mwx0,0,1,0,1
1,1,0,1,0,1,6u19ok,0,1,0,1
1,1,1,1,1,1,knfsbw,1,1,1,1
0,1,0,1,0,1,466x5z,0,1,1,1
1,1,1,1,1,0,hrst6e,1,1,1,1
1,1,1,0,0,0,ch4hpx,1,0,1,0
1,1,1,1,0,0,7fprck,1,1,1,1
1,1,0,1,0,1,gx6d79,0,1,0,1
0,1,1,1,0,1,4gy6w4,0,1,0,1
1,1,1,1,1,1,67jylm,0,1,1,1
1,1,1,1,1,1,emze9r,1,1,1,1
1,1,0,1,0,1,i9ft84,0,1,0,1
1,1,0,1,0,1,hkrezh,0,1,0,1
1,1,0,1,0,1,4th7a9,0,1,1,1
1,1,1,1,1,1,i4uab0,1,1,1,1
1,1,1,1,1,1,hpbze2,1,1,1,1
0,1,0,1,0,1,ifvuwd,0,1,0,1
1,0,1,0,0,0,7d0wyp,1,0,1,0
1,1,1,1,0,1,j2yw75,0,1,1,1
1,1,1,1,0,1,84bdjo,0,1,1,1
1,1,1,1,1,1,7veicr,1,1,1,1
1,1,1,1,0,1,4lh3ik,0,1,1,1
1,1,0,1,1,1,lp6bur,0,1,0,1
1,1,1,1,1,1,kngxd0,1,1,1,1
1,1,0,1,0,1,c9ae3z,1,1,1,1
1,0,1,0,0,0,5bbg6f,1,0,1,0
1,0,1,0,1,0,51oypp,1,0,1,0
0,1,0,1,0,1,hk80tz,0,1,0,1
0,1,0,1,0,1,dnu7c5,0,1,0,1
1,0,1,0,0,0,d5xnah,0,0,1,0
1,1,1,0,1,0,decpjf,1,0,1,0
1,1,0,1,1,1,ex82du,0,1,0,1
1,1,1,1,1,0,c32a8u,1,1,1,1
1,1,1,1,1,1,9f2db0,1,1,1,1
1,1,1,1,0,1,4hm9mu,0,1,1,1
1,1,1,1,0,0,b8fqle,0,1,1,1
1,1,0,1,0,1,83riqx,0,1,0,1
1,0,1,0,1,0,i8ikzf,1,0,1,0
1,1,1,0,1,0,5ckylf,1,1,1,0
1,1,1,0,1,0,ddyd6x,1,0,1,0
1,0,1,0,1,0,9e7411,1,0,1,0
0,1,0,1,0,1,67e4pc,0,1,0,1
1,1,1,1,0,1,f426yr,0,1,0,1
1,1,0,1,0,1,eraixa,0,1,0,1
1,1,1,1,1,1,cc9cka,1,1,1,1
1,1,1,1,1,0,gnmvb0,1,0,1,0
1,1,1,1,1,1,4s95r9,1,1,1,1
0,0,1,0,1,0,9q6rsl,0,0,0,0
0,1,0,1,0,1,b4y6xz,0,1,0,1
1,1,0,1,1,1,daaegb,0,1,0,1
0,1,0,1,0,1,jzosgr,0,1,0,1
1,1,0,1,0,1,bomyp9,0,1,0,1
1,1,1,1,1,1,9t3o7m,1,1,1,1
1,1,1,1,1,1,474v69,1,1,1,1
1,1,0,1,1,1,k7m6fb,0,1,1,1
1,1,0,1,0,1,awpgu1,0,1,0,1
1,1,0,1,1,1,igdf8p,1,1,0,1
1,1,0,1,0,1,9flq74,0,1,0,1
0,1,0,1,0,1,910gu4,0,1,1,1
1,1,1,1,1,1,697j5c,1,1,1,1
0,1,0,1,1,1,66f5z0,0,1,1,1
1,1,1,1,1,1,8yb50d,0,1,1,1
1,1,1,1,1,1,7sedju,1,1,1,1
0,1,0,1,0,1,azfmn8,0,1,0,1
1,1,1,1,1,1,gpc576,1,1,1,1
1,1,1,0,0,0,5rs35q,1,0,1,0
1,1,1,1,0,1,6jtdk5,1,1,1,1
1,1,0,1,0,1,e7n3d8,0,1,1,1
1,1,1,1,1,0,8zyi1l,1,0,1,1
1,1,1,1,0,1,96a4r3,0,1,1,1
1,1,1,1,1,1,e89j49,1,0,1,1
1,1,0,1,0,1,69pjve,0,1,0,1
1,1,0,1,1,1,heqbf5,0,1,1,1
1,1,0,1,0,1,5zmv3w,1,1,0,1
1,1,0,1,0,1,a0ggw3,0,1,0,1
1,1,1,1,1,1,izh7qe,1,1,1,1
1,1,1,1,0,1,7o7p2g,0,1,1,1
1,1,1,1,0,1,71uogc,0,1,1,1
0,1,0,1,0,1,4obvv8,0,1,1,1
1,1,0,1,0,1,h9vhrw,0,1,0,1
0,1,0,1,0,1,4fsbao,0,1,0,1
1,1,1,1,0,0,eqcyfl,0,1,0,1
1,1,1,1,1,1,eczb5v,0,1,1,1
1,1,0,0,0,0,7x1cbh,1,0,1,0
1,1,1,1,1,1,7190co,1,1,1,1
1,1,1,1,1,1,9al1wj,0,1,1,1
1,1,0,1,0,1,4rh3uo,1,1,1,1
1,0,1,1,1,1,hwae71,1,0,1,1
1,1,1,1,0,1,6u8zle,1,1,1,1
0,1,0,1,0,1,6lj5bd,0,1,0,1
1,1,1,1,1,1,bodbnz,1,1,1,1
1,1,0,1,0,1,cghzcp,0,1,0,1
1,1,1,1,1,1,9du7g1,1,1,1,1
0,1,0,1,0,1,cd30ow,0,1,0,1
1,1,0,1,0,1,5uag9z,0,1,0,1
1,1,1,1,1,1,dhufhl,0,1,1,1
1,1,1,1,1,1,8nll0r,1,1,1,1
1,1,0,1,0,1,eq708b,0,1,0,1
1,1,0,1,0,0,ck8nqc,0,1,0,1
1,1,1,1,1,1,j0rkfj,1,1,1,1
0,0,0,0,1,1,clprzv,1,1,1,1
1,0,1,0,1,0,4u8cy5,1,0,1,0
1,1,1,1,1,1,inlvyf,1,1,1,1
1,1,1,1,1,1,c2wasr,1,1,1,0
1,1,1,1,1,1,c6qpit,1,1,1,1
1,1,0,1,0,1,7nj36z,0,1,0,1
1,1,1,1,1,1,9qvoos,1,1,1,1
0,1,0,1,0,1,aoukdo,0,1,0,1
1,1,1,1,1,1,gre6fb,1,1,1,1
1,1,1,1,1,1,9supxf,1,1,1,1
0,1,0,1,0,1,48xr9s,0,1,0,1
0,1,0,1,0,1,4iztjn,0,1,0,1
1,1,1,1,1,1,aqrac1,1,1,1,1
0,0,0,0,0,0,ocid30,0,0,0,0
1,1,0,1,0,1,d767xy,0,1,0,1
1,1,0,1,0,1,644zyp,0,1,0,1
1,1,0,1,0,1,dze4ow,0,1,1,1
1,1,1,1,0,1,9dxfs7,0,1,1,1
1,1,1,1,0,0,9dos7u,0,1,0,1
1,1,0,1,1,1,8pyt96,0,1,0,1
1,1,0,1,0,1,8dvq23,0,1,0,1
0,1,0,1,0,1,big2mx,0,1,0,1
1,1,1,0,1,0,lthn1w,1,0,1,0
0,1,0,1,1,1,ap9p88,0,1,1,1
1,1,0,1,0,0,cp52yd,0,1,0,1
1,1,1,1,0,1,cyz72f,1,1,1,1
1,1,1,1,1,1,l3bp7u,1,0,1,1
1,1,1,1,1,0,5nlo6p,1,1,1,1
0,1,0,1,1,1,9qb15x,0,1,0,1
1,1,0,1,0,1,8x2g9q,0,1,0,1
1,1,1,1,1,1,7888zc,1,1,1,1
1,1,0,1,0,1,hs9fs1,0,1,0,1
0,1,0,1,0,1,bdx77q,0,1,0,1
1,1,1,1,1,0,f9ohj9,1,0,1,1
1,1,0,1,0,1,khrjob,0,1,0,1
1,0,0,0,0,0,d5poxs,0,0,0,0
1,1,0,1,0,1,gpl18f,0,1,0,1
0,1,0,1,0,1,goahwr,0,1,0,1
1,1,1,1,1,1,945jlx,1,1,1,1
1,1,0,1,0,1,7wr5xn,0,1,1,1
0,1,0,1,0,1,ah60g4,0,1,0,1
1,1,0,1,0,0,6laz6v,0,1,0,1
1,1,0,1,0,1,9eotzv,0,1,0,1
1,1,1,1,1,1,fh8nvu,1,1,1,1
0,1,0,1,1,1,aqm16n,0,1,0,1
1,1,1,0,1,0,71tcaq,1,1,1,0
1,1,1,1,0,1,g8zf2q,0,1,1,1
0,0,1,0,1,0,bjh4hm,0,0,1,0
1,1,1,1,1,1,6flc4m,1,1,1,1
1,0,1,0,1,0,6l3hp9,1,0,1,0
1,1,0,1,0,0,4dwz7f,0,1,1,1
0,1,1,1,0,1,7g0pab,0,1,1,1
1,1,1,1,0,0,9dzmw3,0,1,0,1
1,1,0,1,1,1,fmu65y,0,1,0,1
1,1,0,1,0,1,d9vwcq,0,1,1,1
1,1,0,1,0,1,mlu7xc,0,1,0,1
0,1,0,1,0,1,47diz1,0,1,0,1
0,1,0,1,0,1,94oab8,0,1,1,1
1,1,0,1,0,1,a5ou5p,0,1,1,1
1,1,1,1,0,1,blzt8p,1,1,1,1
1,1,0,1,0,1,eaxtuq,0,1,0,1
0,1,0,1,0,1,fbq3fp,0,1,0,1
1,1,1,1,1,0,ah2xhb,1,1,1,1
1,1,1,1,1,1,4eb7cy,1,1,1,1
1,1,1,1,1,1,aylgvi,1,1,1,1
1,1,1,1,0,1,9o8u03,1,1,1,1
1,1,1,1,0,0,bigozx,1,1,1,1
1,1,1,1,0,0,500xrp,1,1,1,1
1,0,1,0,0,1,7qgflp,0,0,1,1
1,1,1,1,1,1,edv974,1,1,1,1
1,0,0,0,0,0,dn5ul2,0,0,1,1
1,1,1,1,1,1,kw5akd,1,1,1,1
1,1,0,1,0,1,ausxi0,0,1,0,1
0,1,0,1,0,1,687l8b,0,1,0,1
1,1,1,1,1,0,3zf986,1,1,1,1
0,1,0,1,0,1,99u0d3,0,1,0,1
1,1,1,1,1,1,ejd9p0,1,1,1,1
1,1,1,1,0,1,kcr73f,1,1,1,1
1,1,0,1,0,1,igkyd7,0,1,0,1
0,1,0,1,1,1,40lqwb,0,1,0,1
1,0,1,0,1,0,8w5tve,1,0,1,0
1,1,1,1,1,1,5zyfti,0,1,1,1
0,1,0,1,1,1,hinz2g,0,1,0,1
1,1,1,1,1,1,cbekc1,0,1,1,1
1,1,1,1,1,1,gai6dr,1,1,1,1
1,1,1,1,1,1,56n6a9,0,1,1,1
1,1,0,1,0,1,cb7qxi,0,1,1,1
1,1,1,1,1,1,5r0a4h,1,1,1,1
1,1,0,1,0,1,eslic3,0,1,0,1
1,1,1,1,1,1,5vqxxy,1,1,1,1
1,1,1,1,1,1,k3kd9z,0,1,1,1
1,1,0,1,1,1,kblv7h,0,1,1,1
1,0,1,0,1,0,gsxvth,1,0,1,0
0,1,1,1,0,1,44f3ai,0,1,0,1
1,1,1,1,1,1,5riov8,1,1,1,1
1,1,1,1,1,1,aoyg0k,0,1,1,1
1,1,1,1,0,1,astplx,0,1,1,1
1,1,1,1,1,1,9igwqp,1,1,1,1
1,1,1,1,1,1,691cjq,0,1,1,1
1,1,0,1,0,1,b7zeo7,0,1,0,1
1,1,1,1,0,1,8yxzxr,0,1,0,1
0,1,0,1,0,1,43u3qh,0,1,0,1
0,1,0,1,0,1,8hw2kc,0,1,0,1
1,1,1,1,1,1,ephwyq,1,1,1,1
1,1,0,1,0,1,arsejt,0,1,0,1
1,1,1,1,1,1,o9wrly,0,1,1,1
1,1,1,1,0,0,7l8hwt,1,1,1,1
1,1,0,1,0,1,50wmk2,0,0,1,1
1,1,0,1,0,1,913s7m,0,1,0,1
1,1,0,1,0,1,azbgjs,1,1,0,1
1,1,0,1,0,1,el5qmn,0,1,0,1
1,1,1,1,1,0,dvkw80,1,1,1,1
1,1,0,1,0,1,lkd25q,0,1,0,1
0,0,0,0,0,0,dppsoj,0,0,0,0
1,1,0,1,1,1,lap402,0,1,0,1
0,0,0,0,0,0,4tpfcs,0,0,0,0
1,0,1,0,0,1,albkk8,1,0,0,1
1,1,0,1,0,0,kniq2o,0,1,0,1
1,1,1,1,1,1,bxeyve,0,1,1,1
1,1,0,1,0,0,cehblo,0,0,0,1
1,1,1,1,1,1,96szzz,1,1,1,1
0,1,1,1,0,1,6k5phf,0,1,1,1
1,1,1,1,1,1,gix5fy,1,1,1,1
1,1,0,1,1,1,61xmvh,0,1,1,1
1,0,1,0,1,0,fuati2,1,0,1,0
1,1,0,1,0,1,c0e8ae,0,1,0,1
1,1,0,1,1,1,apbpdt,0,1,0,1
1,1,1,1,0,0,eodbsm,1,1,1,1
1,1,1,1,1,1,80oz8x,0,1,1,1
1,1,1,1,1,1,4a5vws,1,1,1,1
1,0,1,0,0,0,9b0soi,1,0,1,0
0,1,0,1,0,1,70s201,0,1,0,1
1,0,1,0,0,0,e68dhg,1,0,1,0
1,1,1,1,1,1,72l7qi,1,1,1,1
1,1,0,1,0,1,ivzft8,0,1,0,1
0,1,0,1,0,1,ei9s4u,0,1,0,1
1,1,1,1,1,1,454b46,0,1,1,1
1,1,0,1,0,1,4u6k1o,0,1,0,1
0,1,0,1,1,1,9pzjgs,0,1,1,1
1,1,0,1,0,1,41re89,0,1,1,1
1,0,1,0,1,0,7s0h8r,1,0,1,0
1,1,0,1,0,0,6n4o5e,1,1,1,1
1,1,1,1,1,1,cmpvuo,0,0,1,1
0,1,0,1,0,0,k2j7c8,1,1,1,1
1,1,1,1,0,0,evvprn,0,1,0,1
1,1,1,1,1,1,598flj,1,1,1,1
1,1,1,1,0,1,cd3qo9,1,1,0,1
1,1,1,1,1,1,4ihnyh,1,1,1,1
1,1,0,1,1,1,7hlins,1,1,1,1
0,1,0,1,0,1,mnjjtl,0,1,0,1
1,1,0,1,0,0,jyegf6,0,1,0,1
1,1,1,1,1,0,f18jfb,1,1,1,1
1,0,0,1,0,0,a3iba8,0,0,1,1
1,0,1,0,0,0,lrnxx0,1,1,1,0
1,1,1,1,1,1,5pf7th,1,1,1,1
1,0,1,0,1,0,5ctwj8,1,0,1,0
1,0,1,0,1,0,632909,1,0,1,0
1,1,1,1,1,1,5qp66y,1,1,1,1
1,1,1,1,1,1,5ateyj,1,1,1,1
1,1,1,1,1,1,biciqq,1,1,1,1
1,1,1,1,1,1,8ecymj,1,1,1,1
1,1,1,1,1,1,5m4lgu,0,1,1,1
1,1,1,1,1,1,77lqyq,1,1,1,1
1,1,1,1,1,1,4yhi29,1,1,1,1
0,1,0,1,0,0,ica4ml,1,1,0,1
1,1,1,1,1,0,c9yg84,1,1,1,1
1,1,1,1,1,1,4hosn5,1,1,1,1
1,1,1,1,1,1,7i9kiy,0,1,1,1
1,0,1,0,0,0,98166l,1,0,1,0
0,1,0,1,1,1,a0bbtc,0,1,0,1
0,1,1,1,0,1,fpbcyw,0,1,1,1
1,1,1,1,1,1,g8u0gr,1,1,1,1
1,1,0,1,1,1,bt327k,0,1,0,1
0,1,0,1,0,1,4folzf,0,1,0,1
0,1,0,1,0,1,4sih9f,0,1,0,1
0,1,0,1,0,1,5o1r45,0,1,0,1
0,1,0,1,0,1,4qjjqj,0,1,0,1
1,1,0,1,1,1,6owyg0,0,1,1,1
1,1,0,1,1,1,65o5iy,0,1,0,1
1,1,1,1,1,1,4sk386,1,1,1,1
0,1,0,1,0,1,f8w9w2,0,0,0,1
1,1,1,1,1,1,4e7g96,1,1,1,1
1,1,1,1,1,1,6vrhni,1,1,1,1
1,1,1,1,1,1,442qbd,1,1,1,1
1,1,1,1,1,1,hp8m0e,0,1,1,1
0,1,0,1,0,1,cj6sk0,0,1,0,1
1,1,1,1,1,1,7ep4q7,1,1,1,1
1,1,1,1,1,1,igirt0,1,1,1,1
1,1,1,1,0,1,j3o74a,0,1,1,1
1,1,1,1,1,1,5rr49d,1,1,1,1
0,1,0,1,0,1,db3wra,0,1,0,1
1,1,1,1,1,1,85n2io,1,1,1,1
1,1,1,1,1,1,do0yvs,1,1,1,1
1,1,1,1,1,1,73gl67,1,1,1,1
1,1,1,1,1,1,6xchyj,1,1,1,1
1,0,1,0,1,0,4swpuq,1,0,1,0
1,1,1,1,1,1,7rj961,1,1,1,1
0,1,0,1,0,1,fm6hwm,0,1,0,1
0,1,0,1,0,1,d1ww6e,0,1,0,1
1,1,1,1,1,1,a7ar2l,1,1,1,1
1,1,1,1,1,1,82zltp,1,1,1,1
1,1,1,1,1,1,5qzst5,1,1,1,1
1,0,1,0,1,0,4rtf0b,1,0,1,0
1,1,1,1,1,1,4cql8i,1,1,1,1
1,1,0,1,0,1,f38cfi,1,1,0,1
1,1,1,1,0,0,4wdosg,0,1,1,1
0,0,0,0,0,0,db0uwb,0,0,0,0
1,1,1,1,1,1,8vmw1u,0,1,1,1
1,1,1,1,1,1,frw5sk,1,1,1,1
0,1,0,1,0,1,4qiahk,0,1,0,1
1,1,0,1,0,1,930s90,1,1,1,1
1,1,1,1,1,1,9flnyd,1,1,1,1
0,1,0,1,0,1,990kp3,0,1,0,1
1,0,1,0,0,1,c0gxe7,0,0,1,0
1,1,1,1,1,1,8956v1,1,1,1,1
1,1,1,1,1,1,93tyzb,1,1,1,1
1,0,1,0,1,0,400zis,1,0,1,0
1,0,0,0,0,0,l4izqu,0,0,0,0
1,0,1,0,0,0,8jact9,0,0,1,0
1,1,1,1,0,1,64sxdd,1,1,1,1
1,1,1,1,0,1,c3nemq,1,1,1,1
1,1,1,1,1,1,kx58qr,1,1,1,1
1,1,1,1,1,1,gt1vfz,1,1,1,1
1,1,1,1,1,1,lo2ym5,1,1,1,1
1,0,1,0,1,1,kzg6nk,1,0,1,0
1,1,1,1,1,1,lg92fq,1,1,1,1
1,1,1,1,0,0,c4prpb,0,1,1,1
1,1,1,1,1,1,7wpgzv,1,1,1,1
1,1,1,1,0,0,7wp91a,1,1,1,1
1,1,1,1,1,1,88s52u,1,1,1,1
1,0,1,0,1,1,45jiyv,1,0,1,0
1,1,0,1,0,1,c7s2wq,1,1,1,1
1,1,1,1,1,1,7uvvuy,1,1,1,1
1,1,1,1,0,1,l4vzjo,0,1,1,1
1,1,1,1,1,1,bzkwrk,1,1,1,1
0,1,0,1,0,0,bnxrr8,0,1,0,1
1,1,0,1,0,1,547mj3,0,1,0,1
1,1,1,1,1,1,4j3uzq,0,1,1,1
1,1,1,1,1,1,jm0o1j,0,1,1,1
1,1,1,1,1,1,ho5luk,1,1,1,1
1,1,0,1,0,1,ddynwb,0,1,0,1
1,1,0,1,0,1,cs30zd,0,1,1,1
1,0,1,0,0,0,dtqlpx,0,0,1,0
1,1,1,1,1,1,dchq21,0,1,1,1
1,1,1,1,1,1,ekp4qu,1,1,1,1
1,1,1,1,0,1,6vzqfw,1,1,1,1
1,1,1,1,1,1,4njem9,1,1,1,1
1,1,1,0,1,0,7pi1nq,1,0,1,0
1,1,1,1,1,1,45e8b9,1,1,1,1
1,1,1,1,1,1,82q51n,1,1,1,1
1,1,1,1,1,1,7ps6df,0,1,1,1
1,1,0,1,0,1,8ufk3b,0,1,1,1
1,1,1,1,0,0,bj1qwp,1,1,1,1
0,1,0,1,0,1,5jucn3,0,1,0,1
1,1,1,1,0,0,47uy3v,1,1,1,1
1,0,1,0,0,0,gutvek,1,0,1,0
1,1,1,1,1,1,6vatfr,1,1,1,1
1,1,1,1,0,0,7y0fyg,0,1,1,1
1,1,1,1,0,1,bp9hyn,1,1,1,1
1,1,1,1,0,0,hc1lak,1,1,1,0
1,1,1,1,0,1,54f1e2,1,1,1,1
1,1,1,1,1,1,5mnff8,0,0,0,1
1,1,1,1,0,1,8bph25,1,1,1,1
1,1,1,1,1,1,bcjvv6,1,1,1,1
1,1,0,1,0,1,fklqka,0,1,0,1
1,1,1,1,0,0,51e37t,1,1,1,1
0,1,0,1,0,1,5qvx7e,0,1,0,1
1,1,1,1,1,1,6oto8m,1,1,1,1
1,0,1,0,0,0,9ormk4,0,0,1,0
1,1,1,1,1,1,8d38n8,1,1,1,1
1,1,1,1,1,1,lot7o6,1,1,1,1
0,1,0,1,0,1,d67sp8,0,1,0,1
1,1,1,1,1,1,l3bif3,1,1,1,1
1,1,0,1,1,1,ho69tc,0,1,1,1
0,1,0,1,0,1,5939d5,0,1,0,1
1,1,1,1,0,0,auf7sm,1,1,1,1
1,1,1,1,0,1,gq9w52,1,1,1,1
1,1,1,0,0,0,dryw5j,1,0,1,0
1,1,1,1,1,1,bgmfb1,1,1,1,1
1,1,1,1,0,1,ayu4v6,1,1,1,1
1,1,1,1,0,0,7qr21e,1,1,1,1
1,1,1,1,0,0,ajpx8c,1,1,1,1
0,1,0,1,0,1,9q2ppu,0,1,1,1
1,0,1,0,0,0,cihnfs,1,1,1,1
1,1,1,1,1,1,4nj8ik,1,1,1,1
0,1,0,1,0,1,a2vmdl,0,1,0,1
1,1,1,1,1,1,d7zoq3,0,1,1,1
1,0,1,0,0,0,62w9zx,1,0,1,0
1,1,0,1,0,1,ge1o2q,0,1,0,1
1,1,1,1,0,0,fsgn9b,1,1,1,1
1,1,1,1,1,0,dpu445,1,1,1,1
1,1,1,0,0,0,ddbxig,1,1,1,0
1,1,1,1,1,1,5dvwwj,0,1,1,1
0,1,0,1,0,1,cb6v6h,0,1,0,1
0,1,0,1,0,1,ep0ix7,0,1,0,1
1,1,1,1,1,1,a2uokq,1,1,1,1
1,1,1,1,1,1,5orc5e,1,1,1,1
1,1,1,1,1,1,9yaoqn,1,1,1,1
1,1,0,1,0,1,as9pdw,0,1,0,1
1,0,0,0,0,0,jt1hzm,0,0,1,0
1,0,1,0,0,0,c8r0xi,1,0,1,0
1,1,1,1,1,1,8nqxeo,1,1,1,1
1,1,1,1,1,1,46ot3g,1,1,1,1
1,1,1,1,0,1,7rah42,0,1,1,1
1,1,1,1,1,1,5moa2t,1,1,1,1
0,1,0,1,1,1,6s9bvk,0,1,0,1
1,1,1,1,1,1,6vubzc,0,1,1,1
1,1,0,1,1,1,4d2x50,1,1,1,1
1,1,1,1,1,1,7y2epr,1,1,1,1
0,1,0,1,0,1,95pcz7,0,1,0,1
1,1,0,1,0,1,a6eouf,0,1,0,1
1,1,0,1,0,0,eq2d6d,0,1,0,1
1,1,1,1,1,1,hmq6xj,1,1,1,1
1,0,1,1,1,0,6qp3e7,1,1,1,0
1,1,1,1,1,1,5h9rti,1,1,1,1
1,0,1,0,0,0,b0r3cm,1,0,1,0
1,1,0,1,0,0,6gjiyr,0,1,0,1
1,1,1,1,1,1,eqjipy,1,1,1,1
1,0,1,1,1,1,a5vgpg,1,0,1,1
1,1,0,1,0,1,4dprdi,0,1,0,1
0,1,0,1,0,1,4c85ka,0,1,0,1
1,1,1,1,1,1,hd4e1m,1,1,1,1
1,1,1,1,0,0,dy89bc,1,1,1,1
1,1,1,1,1,1,cch1qz,1,1,1,1
1,0,1,0,0,0,7whkam,1,0,1,0
1,1,1,1,1,1,b5xc4r,1,1,1,1
1,1,1,1,1,1,gay848,1,1,1,1
0,1,0,1,0,1,g7o3eh,0,1,0,1
1,1,1,1,0,1,arjj1h,0,1,0,1
1,1,0,1,0,1,ac3rvk,0,1,0,1
1,1,1,1,1,1,dgvag6,0,1,1,1
1,1,1,1,0,1,5csgry,0,1,0,1
1,0,1,0,0,0,9ktlee,1,0,1,0
1,1,1,1,0,0,4ms7qr,0,1,1,1
0,1,0,1,0,1,d17osj,0,1,0,1
0,1,0,1,0,1,bwmg5v,0,1,0,1
0,1,0,1,0,1,afe2ts,0,1,0,1
1,1,1,1,0,0,7ggnqw,1,0,1,1
1,1,1,1,1,1,jkara9,1,1,1,1
1,1,1,1,1,0,bv8pwb,1,1,1,1
1,1,1,1,0,0,drq4gi,1,1,1,1
1,1,0,1,1,1,czeavp,0,1,0,1
1,1,1,1,0,1,7brise,0,1,1,1
0,1,0,0,0,0,728hai,0,1,0,1
1,0,1,0,1,0,8dbepn,1,1,1,1
0,1,0,1,0,1,537yo3,0,1,0,1
1,1,1,0,0,0,4sjcn9,1,1,1,1
1,1,1,1,1,1,fxfc0p,0,1,1,1
0,0,0,0,0,0,4rhl2a,0,1,0,0
1,1,1,1,0,0,98rp3i,1,1,1,1
1,0,1,0,0,0,95j0mm,1,0,1,0
1,0,1,0,0,0,9rihkr,1,0,1,0
1,1,1,1,1,1,fjm4ux,1,1,1,1
1,0,1,0,0,0,9hxma6,1,0,1,0
1,0,1,0,0,0,96dn7a,1,0,1,0
1,1,1,1,1,1,5l71cb,1,1,1,1
0,1,0,1,0,1,b0s8h4,0,1,0,1
1,1,1,1,0,0,4sk68t,0,1,1,1
1,1,0,1,0,1,8q7pzm,0,1,1,1
1,1,1,1,1,1,7alj5k,1,1,1,1
1,1,1,1,0,0,a0xxs7,1,1,1,1
1,1,1,1,1,1,5j2905,1,1,1,1
1,1,0,1,0,0,cnjig5,0,1,1,1
0,1,0,1,0,0,93r4h6,0,1,0,1
1,0,1,0,0,0,icq9y2,1,0,1,0
0,1,0,1,0,1,7tu1eg,0,1,0,1
1,0,1,0,0,0,e0z4s6,1,0,1,0
1,0,1,0,0,0,bk8ycd,1,0,1,0
1,0,1,0,0,0,8h68bk,1,0,1,0
1,1,0,1,0,1,o8yxbm,1,1,1,1
1,0,1,0,0,0,8g7c7y,1,0,1,0
1,0,1,0,0,0,9cnk7n,1,0,1,0
1,0,1,0,0,0,aear9m,1,0,1,0
1,1,0,1,0,1,g3zh7b,0,1,0,1
1,1,1,1,1,1,6vo3ye,1,1,1,1
0,1,0,1,0,1,i9bqgr,0,1,0,1
1,1,1,1,1,1,41lvm9,1,1,1,1
1,1,0,1,0,1,gtra4t,0,1,0,1
1,1,1,1,0,0,fwdozm,1,1,1,1
1,0,1,0,0,0,9e29b4,1,0,1,0
1,1,1,1,1,1,iftubu,1,1,1,1
1,0,1,0,0,0,7v6v81,0,0,1,0
1,1,0,1,0,1,51u94d,0,1,0,1
1,1,0,1,0,1,i0fx3p,0,1,0,1
1,0,1,0,0,0,57sm6e,1,0,1,0
0,1,0,1,0,1,c4os27,0,1,0,1
1,1,1,1,1,1,idi9za,0,1,1,1
1,0,1,0,0,0,lal393,1,0,1,0
0,1,0,1,0,1,8qrn3i,0,1,0,1
1,1,1,1,1,0,a6clnw,1,1,1,1
1,1,1,1,0,1,5ee2yl,1,1,1,1
1,1,1,1,1,1,drgsm7,1,1,1,1
1,1,1,1,0,0,hm190w,1,0,1,1
1,1,0,1,0,0,gcy0sb,0,1,1,1
1,1,0,1,0,1,el6nds,0,1,0,1
0,1,0,1,0,1,ms5c25,0,1,0,1
0,1,0,1,0,1,72i7ol,0,1,0,1
1,1,1,1,0,1,4idjcu,0,1,1,1
1,1,0,1,0,1,5e7xik,0,1,0,1
1,1,0,1,0,1,926gik,0,1,1,1
1,1,1,1,1,1,9838f4,1,1,1,1
0,1,0,1,0,1,7dei0e,0,1,0,1
1,1,1,1,1,1,53kgz3,1,1,1,1
0,1,0,1,0,1,dps7ma,0,1,0,1
1,1,1,1,1,1,5pgu2k,1,1,1,1
1,1,1,1,1,1,6qy0vy,1,1,1,1
1,1,0,1,0,1,gw9kgj,0,1,1,1
1,1,1,1,0,0,nzewki,0,0,1,0
1,1,1,1,0,0,fgudf3,1,1,1,1
1,1,0,1,0,1,eqqpol,0,1,0,1
1,1,1,1,1,1,m0y2ke,1,1,1,1
1,0,1,0,0,0,kaveow,1,0,1,0
0,1,0,1,0,0,o215n3,0,1,0,1
1,0,1,0,0,0,kx74jy,0,1,1,0
1,1,1,1,1,1,aiu3m3,1,1,1,1
0,1,0,1,0,1,dsqzh4,0,1,0,1
1,1,1,1,1,1,kgzle3,0,1,1,1
1,0,1,0,0,0,iwhmbh,0,0,1,0
1,1,0,1,0,0,6l31d9,0,1,1,1
1,1,1,1,0,0,6urpbm,1,1,1,1
1,1,0,1,0,1,byp74e,0,1,0,1
1,1,0,1,0,1,5ykedm,1,1,1,1
1,1,0,1,0,1,eacs8c,0,1,0,1
0,1,0,1,0,0,dpyp4c,0,1,0,1
1,1,1,1,0,0,7ls864,1,1,1,1
1,1,1,1,0,0,7n5c36,1,1,0,1
1,1,1,1,0,0,5zabvt,1,1,1,1
1,1,1,1,1,1,g6d2u9,1,1,1,1
1,1,0,1,0,0,myrytg,0,1,0,1
1,1,1,1,1,1,ecc37s,1,1,1,1
1,1,1,1,1,1,ml9ud4,1,1,1,1
1,1,0,1,0,1,ile2g8,0,1,0,1
1,1,1,1,1,1,kj7akq,0,1,1,1
1,0,1,0,0,0,cr20rv,1,0,1,0
1,1,0,1,0,1,aafj5e,0,1,1,1
1,1,1,1,0,0,9w325e,1,1,1,1
1,1,1,1,1,1,b5wdas,1,1,1,1
0,1,0,1,0,1,8jy0v0,0,1,1,1
1,0,1,0,0,0,hf8vjr,1,0,1,0
1,1,1,1,0,1,dq53sc,0,1,0,1
1,1,1,1,0,0,aue06d,0,1,0,1
1,1,1,1,1,1,ehfevq,1,1,1,1
1,1,1,1,1,1,d3sw6z,1,1,1,1
1,1,1,1,0,1,57e93h,0,1,1,1
1,1,0,1,0,0,epu6v3,0,1,0,1
0,1,0,1,0,1,e7lwnw,0,1,0,1
0,1,0,1,0,1,44owfy,0,1,0,1
1,1,1,1,1,1,b3zz11,1,1,1,1
1,1,1,1,0,1,47kjcb,1,1,1,1
1,1,1,1,1,1,7rgpdo,1,1,1,1
1,1,1,1,1,1,6dc8i8,1,1,1,1
1,0,1,1,0,0,99ftvp,1,1,1,1
1,1,1,1,0,0,fo5jgn,1,0,1,0
1,1,1,1,0,1,f9x7c9,1,1,1,1
1,1,1,1,0,1,i5q82i,0,1,0,1
1,0,1,0,0,0,9afg2p,1,0,1,0
1,1,0,1,0,0,byev2c,0,1,1,1
1,1,1,1,1,0,40v2km,1,1,1,1
1,1,0,1,0,0,4tvkcz,1,0,1,0
1,1,1,1,1,1,c3qzpa,0,1,1,1
1,1,1,1,0,0,6bijkj,1,1,1,1
1,0,0,0,0,0,6y5hs9,0,0,1,0
1,1,1,1,0,0,f7dlw1,0,1,1,1
1,1,1,1,1,1,a5hkbz,1,1,1,1
0,1,0,1,0,1,83ss6l,0,1,1,1
0,1,1,1,0,1,92grce,0,1,1,1
1,1,0,1,0,1,7bm5sk,0,1,0,1
1,1,0,1,0,1,5wxmg8,0,1,0,1
0,1,0,1,0,1,54mbo4,0,1,0,1
1,1,0,1,0,1,foyw4k,0,1,1,1
1,1,1,1,1,1,82bqa1,1,1,1,1
0,1,0,1,0,1,dy34wa,0,1,0,1
1,1,1,1,0,1,4fznv1,0,1,1,1
1,1,0,1,0,0,9gop5t,0,1,0,1
1,1,1,1,1,1,dp08aj,1,1,1,1
1,1,1,1,0,0,ey0l96,1,1,1,1
1,1,1,1,0,0,fx3tbj,0,0,1,1
1,1,0,1,0,1,62hejw,0,1,0,1
0,1,0,1,0,1,886ixu,0,1,0,1
1,0,1,0,0,0,mzxi40,1,0,1,0
0,1,0,1,0,1,dny25r,0,1,0,1
1,1,0,1,0,1,kleene,0,1,0,1
1,1,1,1,1,1,krndqu,1,1,1,1
1,1,1,1,0,0,krnejf,1,1,1,1
0,1,0,1,0,1,gvotg9,0,1,0,1
1,1,0,1,0,1,9fvj0c,0,1,1,1
1,1,0,1,0,0,9nxon9,0,1,0,1
1,1,1,0,0,0,jtg5yv,1,0,1,0
0,0,0,1,0,0,f2rhto,0,0,0,1
1,1,1,1,0,1,ac693q,0,1,0,1
1,1,1,1,0,1,cwgyt6,1,1,1,1
1,1,0,1,0,1,dl22nn,0,1,0,1
1,1,1,1,0,0,9ebbtq,1,1,1,1
1,1,1,1,1,1,6pd142,1,1,1,1
1,1,1,1,1,1,fenp1k,1,1,1,1
1,1,1,1,1,1,d3u7cb,1,1,1,1
1,1,0,1,0,1,4x48zc,0,1,0,1
1,1,0,1,0,1,870he1,0,1,0,1
1,1,1,1,1,1,a096l1,1,1,1,1
0,1,0,1,0,1,9rxxnt,0,1,0,1
1,1,1,1,0,1,a0qwbn,0,1,1,1
1,1,0,1,0,1,ccl116,0,1,0,1
1,0,1,0,0,0,74us32,1,0,1,0
1,1,1,1,1,1,4yy42m,1,1,1,1
1,1,0,1,0,1,6l6wa1,0,1,1,1
1,1,1,1,1,1,7lsc2v,1,1,1,1
1,1,0,1,0,1,b8okfi,0,1,0,1
1,0,1,0,0,0,c7ji9v,0,0,1,0
1,1,1,1,1,1,fmcuf8,1,1,1,1
1,1,1,1,0,1,87t39t,0,1,0,1
1,1,1,1,0,0,9on9k2,0,1,1,1
1,1,1,1,0,0,emkfpg,1,1,1,1
1,1,1,1,1,1,bedo9r,0,1,1,1
1,1,1,1,1,1,atc10f,1,1,1,1
1,1,1,1,0,1,en33tu,0,1,1,1
1,1,1,1,0,0,4qamhq,1,1,1,1
1,1,1,1,0,0,6omlfi,1,1,1,1
1,1,1,1,0,0,eh13tq,1,0,1,0
1,1,1,1,0,0,h0gsgq,1,1,1,1
0,1,0,1,0,1,epsj91,0,1,0,1
0,1,0,1,0,1,8w6aek,0,1,0,1
0,1,0,1,0,1,g395fm,0,1,0,1
0,1,0,1,0,1,kz135y,0,1,0,1
1,1,1,1,1,0,5vbzrp,1,1,1,1
1,1,1,1,0,0,8oaoez,1,1,1,1
1,1,1,1,0,0,8m3zbj,0,1,1,1
1,1,1,1,0,1,d9wb9w,1,1,1,1
1,1,0,1,1,1,9ld5h7,1,1,0,1
1,1,1,1,0,1,465d29,0,1,1,1
1,1,1,1,0,0,5kd0js,0,1,0,1
1,1,0,1,0,1,6wg9g2,0,1,0,1
1,1,1,1,1,1,6lwz7r,1,1,1,1
1,1,1,1,1,1,4st12q,1,1,1,1
1,1,0,1,0,1,g9fl2h,0,1,1,1
1,1,0,1,0,0,7gzgrp,0,1,1,1
1,1,0,1,0,1,8jrkyg,0,1,0,1
1,0,0,0,0,0,d0r7at,0,0,1,0
1,1,1,1,0,1,9bgffp,0,1,1,1
1,1,1,1,1,1,g4cm57,1,1,1,1
1,1,0,1,0,1,4eaalf,0,1,0,1
0,1,0,1,0,1,9aibv6,0,1,0,1
1,1,1,1,0,1,6xdfig,0,1,1,1
0,1,0,1,0,1,eo0ftm,0,1,0,1
1,1,1,1,1,1,61osju,1,1,1,1
1,1,1,1,0,0,8onyj3,1,1,1,1
1,1,1,1,0,0,nzvxg7,0,1,0,1
1,1,1,1,1,1,o2oye6,1,1,1,1
1,1,1,1,1,1,gsevnp,1,1,1,1
1,1,1,1,1,1,emnmaz,1,1,1,1
1,1,1,1,1,1,4wiriq,1,1,1,1
1,1,1,1,0,1,5cxbzv,1,1,1,1
1,1,0,1,0,0,lcn7kl,0,1,0,1
1,1,0,1,0,0,af2p0z,0,1,0,1
1,1,0,1,0,1,64ccda,0,1,0,1
1,1,1,1,1,1,i6bzfs,0,1,1,1
0,1,0,1,0,1,keb3b1,0,1,0,1
1,1,0,1,1,1,6059f0,1,1,1,1
1,1,1,1,1,1,92ahu0,1,1,1,1
0,1,0,1,0,1,3zilnq,0,1,0,1
1,1,1,1,0,1,i7s4ay,1,1,1,1
1,1,0,1,0,1,btrbjr,0,1,0,1
1,1,0,1,0,0,520ynq,0,1,0,1
1,1,0,1,0,1,b42lqm,0,1,0,1
1,1,0,1,0,1,5al9ki,0,1,0,1
1,0,1,0,0,0,j72hvu,1,0,1,0
1,1,1,1,0,0,9wfbha,0,1,1,1
0,1,0,1,0,1,enzffw,0,1,0,1
1,1,0,1,0,1,c9xeyd,1,1,1,1
1,1,0,1,0,1,6i18fz,0,1,1,1
1,1,0,1,0,0,8akdom,0,1,0,1
1,1,1,1,1,1,e8pw9n,1,1,1,1
1,1,1,1,1,1,86h4ri,1,1,1,1
1,1,1,1,0,0,7l0xy5,0,1,0,1
1,1,1,1,0,0,dx2qzv,1,1,1,1
1,1,0,1,0,1,8p5mhk,0,1,0,1
1,1,1,1,1,1,dvkxux,1,1,1,1
0,1,0,1,0,1,iatdt6,0,1,0,1
0,1,0,1,0,1,g82hj9,0,1,0,1
0,1,0,1,0,1,e0ervg,0,1,0,1
1,1,1,1,1,1,h79fkn,1,1,1,1
1,1,1,0,0,0,l4rqki,1,1,1,0
1,1,1,1,0,1,f0sw06,0,1,0,1
0,1,0,1,0,1,ded7kx,0,1,0,1
1,1,0,1,0,0,bw3vcr,1,1,1,1
1,1,1,1,1,1,eizysx,1,1,1,1
1,1,1,1,0,1,c0y0bp,1,1,1,1
1,1,1,1,1,1,abniqa,1,1,1,1
1,1,1,1,0,0,ge2dn4,0,1,1,1
1,1,1,1,0,0,5s2e1r,1,1,1,1
1,1,1,1,1,1,cjhp5g,0,1,1,1
1,1,0,1,0,1,70ryy3,0,1,0,1
0,1,0,1,0,1,4etbod,0,1,0,1
1,1,0,1,0,1,f2qz32,1,1,0,1
1,1,1,1,0,1,jwde74,1,1,1,1
0,1,0,1,0,1,exrb1w,0,1,0,1
1,1,1,1,0,0,ib4hkr,1,1,1,1
1,1,1,1,0,0,6bvara,0,1,1,1
1,1,1,1,1,1,f1q7px,1,1,1,1
0,1,0,1,0,1,dsd4rt,0,1,0,1
1,1,0,1,0,0,g40310,0,1,0,1
1,1,0,1,0,1,8wscv5,0,1,0,1
1,1,1,1,1,1,7ah1y9,1,1,1,1
1,1,0,1,0,1,6bez91,0,1,0,1
1,1,1,1,1,1,4rm1ww,1,1,1,1
1,1,0,1,0,1,7kwa3c,0,1,1,1
1,1,1,1,0,1,6hh43l,0,1,1,1
0,1,0,1,0,1,4mckj0,0,1,0,1
1,1,1,1,0,1,4n2jsu,0,1,1,1
1,1,0,1,0,1,ay39x6,0,1,0,1
1,1,0,1,0,1,5882lu,0,1,0,1
1,1,0,0,0,0,in0jz5,0,1,1,1
1,0,1,0,0,0,k0owrm,1,0,1,0
1,1,1,1,0,0,a5hzk8,1,1,1,1
1,1,1,1,1,1,hr3ej6,1,1,1,1
1,1,0,1,0,0,ktrjf1,0,1,0,1
1,1,1,0,0,0,h7pnry,1,1,1,0
1,1,0,1,0,1,74sglt,0,1,0,1
1,1,1,1,1,1,by9gnp,1,1,1,1
0,1,0,1,0,0,a57z8s,0,1,0,1
1,1,0,1,0,0,7dgt4y,0,1,0,1
1,1,0,1,0,1,7xapqw,0,1,0,1
1,1,0,1,0,1,5x10a6,0,1,0,1
1,1,1,1,0,1,mujqud,1,1,1,1
1,1,0,1,0,0,8himy5,0,1,1,1
1,1,1,1,1,1,4v5n88,1,1,1,1
1,1,0,1,0,1,fehuz1,0,1,0,1
1,1,0,1,0,1,fb64ir,0,1,0,1
1,1,0,1,0,1,51c7co,0,1,0,1
1,1,1,1,0,0,c35vxz,1,1,1,1
1,1,0,1,0,1,46etpu,0,1,0,1
1,1,1,1,0,1,c9ywuu,1,1,1,1
1,1,0,1,0,0,lhdrcl,0,1,0,1
1,1,1,1,0,0,8ufei7,1,0,1,1
1,0,1,1,0,0,do884k,0,0,1,1
1,1,1,1,1,1,8be8b3,1,1,1,1
0,1,0,1,0,0,ff3qd0,0,1,0,0
1,1,0,1,0,0,ghs55c,0,1,0,1
0,1,0,1,0,0,69b72g,1,1,1,1
1,1,1,1,0,0,go8ig1,1,1,1,1
1,1,1,0,0,0,buafp0,1,0,1,0
1,1,1,1,0,0,g729pi,1,1,1,1
1,1,1,1,1,1,a5zt2j,0,1,1,1
1,1,1,1,1,1,c3oale,1,1,1,1
1,1,0,1,0,1,hb24q2,0,1,0,1
1,1,1,1,0,0,9x7opn,0,1,1,1
1,1,0,1,0,0,lhdqa3,0,1,0,1
1,1,1,1,1,1,jq7hmm,0,1,1,1
1,1,0,0,0,0,d54e7j,0,0,1,0
1,1,1,1,0,0,grah61,0,1,1,1
1,1,0,1,0,0,dor33v,0,1,0,1
1,1,1,1,0,0,6jfdsw,1,1,1,1
1,1,1,1,0,0,hsxbox,0,1,1,1
1,1,0,1,0,1,iayp09,0,1,1,1
1,1,1,1,0,0,hu3jky,0,1,1,1
1,1,1,1,1,1,coqhkn,1,1,1,1
1,1,1,1,1,1,dfsxvf,1,1,1,1
1,1,0,1,0,1,delkz5,0,1,0,1
0,1,0,1,0,1,bhiwwl,0,1,0,1
1,1,0,1,0,1,fc46gs,1,1,1,1
1,1,1,1,0,1,j58z7o,0,1,1,1
0,1,0,1,0,1,4p3goe,0,1,0,1
1,1,1,1,0,0,8nkg53,1,1,1,1
0,1,0,1,0,0,4ba1pt,0,0,0,1
1,1,1,1,0,0,gzsf5m,0,1,1,1
1,0,1,0,0,0,eejblc,1,0,1,0
1,1,1,1,0,1,c40whm,1,1,1,1
1,1,0,1,0,0,c9app2,0,1,1,1
1,1,0,1,0,0,a7aedh,0,1,1,1
1,1,1,1,0,0,86p4lr,1,1,1,1
1,1,1,1,0,0,8hdiau,1,1,1,1
0,1,0,1,0,1,ddgax6,0,1,0,1
1,1,1,1,0,0,5dx5g8,1,1,1,1
1,1,1,1,0,0,7h4zkp,1,1,1,1
1,1,1,1,0,0,9xidmg,0,1,1,1
1,1,1,1,0,0,8lrevt,1,1,1,1
1,1,1,1,0,1,7cztcy,1,1,1,1
1,1,0,1,0,1,dojuk1,0,1,1,1
0,1,0,1,0,1,41gjml,0,1,0,1
1,1,1,1,0,0,dqobl3,1,1,1,1
1,1,0,1,0,1,ckjy6g,0,1,1,1
1,1,1,1,0,1,dvq5un,1,1,1,1
1,0,0,0,0,0,iqgaj7,0,0,0,0
0,1,0,1,0,1,4wepl4,0,1,0,1
1,1,1,1,0,0,5ejg0f,1,0,1,1
1,1,1,1,0,1,eyqn7y,1,1,1,1
1,1,1,1,1,1,6m40n9,1,1,1,1
1,0,1,0,0,0,azo6xz,1,1,1,1
1,1,0,1,0,0,54buyx,0,1,0,1
1,1,1,1,0,1,6yopx2,1,1,1,1
1,1,1,1,1,1,m0ow7t,1,1,1,1
1,1,0,1,0,0,47zb8g,0,1,0,1
1,1,1,1,1,1,449thi,1,1,1,1
1,1,0,1,0,0,cunpmu,0,1,0,1
1,1,0,1,0,1,8hr965,0,1,1,1
1,1,0,1,0,1,8swuvx,0,1,0,1
0,1,0,1,0,1,74nrg4,0,1,0,1
1,1,1,1,1,1,5tj90d,1,1,1,1
0,1,0,1,0,1,487w63,0,1,0,1
0,1,0,1,0,1,d0akic,0,1,0,1
1,1,1,1,0,0,6pbnm9,0,1,1,1
1,1,1,1,0,1,aw9v6e,1,1,1,1
1,1,0,1,0,0,4dqidn,0,1,1,1
1,1,0,1,0,0,g3y5eb,1,1,1,1
1,0,0,0,0,0,5uklfh,0,0,1,0
1,1,1,1,0,1,66lyxz,0,1,0,1
1,1,0,1,0,0,6ptvlt,0,1,0,1
1,0,1,0,0,0,8dqyo2,1,0,1,0
0,1,0,1,0,1,757647,0,1,0,1
1,1,1,1,0,1,fwe04y,1,1,1,1
1,1,0,1,0,1,g4gwd9,0,1,0,1
1,1,1,1,1,1,gxh7j0,1,1,1,1
1,1,1,1,0,1,fypx3i,0,1,1,1
1,1,1,1,1,1,b1cnjm,1,1,1,1
1,1,1,1,0,1,he35v2,0,1,1,1
1,1,0,1,0,1,ejwfce,0,1,0,1
1,1,1,1,1,1,7icszn,1,1,1,1
0,1,0,1,0,1,63uyhq,0,1,0,1
1,1,1,1,1,1,e5ccak,1,1,1,1
0,1,1,1,0,1,9e5c6p,0,1,1,1
1,0,1,0,0,0,62lzn6,1,0,1,0
1,1,1,1,0,1,b2mdp2,1,1,1,1
1,1,0,1,0,1,b79sny,0,1,0,1
1,0,1,1,0,0,fylcp4,1,0,1,1
1,1,0,1,0,1,b7jvwr,0,1,0,1
1,1,1,1,1,1,9c9wog,1,1,1,1
1,1,0,1,0,1,agqhxk,1,1,0,1
1,1,1,1,0,0,em2iwj,1,1,1,1
1,1,1,0,0,0,fdog5m,1,0,1,0
1,1,0,1,0,0,8vpwrj,1,1,1,1
0,1,0,1,0,1,csjyam,0,1,1,1
1,1,1,1,1,1,cyps11,1,1,1,1
1,1,1,1,0,0,fphx0k,0,1,1,1
1,1,1,1,0,0,6c7vhj,1,1,1,1
0,1,0,1,0,0,ignjaw,0,1,0,1
1,1,0,1,0,0,e2t2nh,0,1,1,1
1,1,1,1,0,0,865yvd,1,1,1,1
1,1,1,1,0,0,4eqbiw,1,1,1,1
1,1,1,1,0,0,gdoune,0,1,1,1
0,1,0,1,0,0,awotgd,0,1,0,1
1,1,0,0,0,0,5hvzuq,1,1,1,0
0,1,0,1,0,0,8b41ip,0,1,0,1
1,1,1,1,0,1,eg0dz9,0,1,0,1
1,1,0,1,0,1,jmf97w,0,1,0,1
1,1,1,1,1,1,g29wqv,0,1,1,1
1,1,1,1,0,0,g1slp7,0,1,1,1
0,0,0,0,0,0,at6sea,0,0,1,0
1,1,0,1,0,0,4ky9ug,0,1,1,1
1,1,1,1,0,1,ajjbw5,0,1,1,1
1,1,1,1,0,0,ap22hf,0,1,1,1
0,1,1,1,0,1,5hnudw,0,1,1,1
1,1,1,1,0,1,7v06nh,1,1,1,1
0,1,0,1,0,0,k3zoz4,0,0,0,1
1,1,1,1,0,1,blcrp1,0,1,1,1
1,1,0,1,0,0,601dnu,0,1,0,1
1,1,0,1,0,1,f2snq7,0,1,0,1
1,1,1,1,0,1,43ma3n,1,1,1,1
1,1,1,1,0,0,43mciq,1,1,1,1
1,1,1,1,0,0,fvvvif,1,0,1,1
0,1,0,1,0,1,g7aj03,0,1,0,1
1,1,0,1,0,0,enahwp,0,1,1,1
0,1,0,1,0,1,80vmy2,0,1,0,1
1,1,1,0,0,0,5a9i7o,1,1,1,0
1,1,0,1,0,0,eirysb,0,1,0,1
0,1,0,1,1,1,9efcpi,0,1,0,1
1,1,1,0,0,0,f2lpso,0,1,1,0
1,1,1,0,0,0,9w5dxs,1,1,1,1
1,1,1,1,0,1,7wp935,1,1,0,1
1,1,1,1,1,1,ele9ry,1,1,1,1
1,0,1,0,0,0,oh0ds8,1,0,1,0
1,1,1,1,1,1,64d4l2,1,1,1,1
0,1,0,1,0,1,8s3kt1,0,1,0,1
0,1,0,1,0,1,e93nr4,0,1,0,1
1,1,1,1,0,0,bgwm8b,1,1,1,1
1,1,1,1,0,0,fa1xr6,1,0,1,1
1,0,1,0,0,0,ebvxaq,1,0,1,0
1,1,0,1,0,0,7uxu64,1,1,0,1
1,1,0,1,0,1,hnyeo3,0,1,1,1
1,0,1,0,0,0,8do777,1,1,1,0
1,1,1,1,0,0,4ia5ww,1,1,0,1
1,1,1,1,1,1,4f2atu,0,1,1,1
1,1,1,1,0,0,936u3p,1,1,1,1
0,1,0,1,0,1,e91j4m,0,1,0,1
1,1,1,1,1,1,ei6090,1,1,1,1
1,1,1,1,1,1,cjf6u7,1,1,1,1
0,1,0,1,0,1,ibw65r,0,1,0,1
1,1,1,1,1,1,7glkaf,1,1,1,1
1,1,1,1,1,1,gbsxp3,1,1,1,1
1,1,1,1,1,1,b1gs3p,1,1,1,1
1,1,1,1,1,1,78hxmg,1,1,1,1
0,1,0,1,0,1,fb74ll,0,1,0,1
1,1,1,1,1,1,fx9mn6,1,1,1,1
1,1,1,1,0,0,fx9nfd,1,1,1,1
1,1,1,1,1,1,40aael,1,1,1,1
0,1,0,1,0,1,b1rucy,0,1,0,1
1,1,1,1,0,1,dehcl2,0,1,0,1
1,1,0,1,0,1,i7gx2f,0,1,0,1
1,1,1,1,1,1,7mqt6g,1,1,1,1
1,1,1,1,0,1,bhjjrm,0,1,1,1
0,1,0,1,0,1,4gvrp0,0,1,0,1
1,1,1,1,1,1,8jtms0,1,1,1,1
1,1,1,1,1,1,a9166x,1,1,1,1
1,1,1,1,1,1,gq41g4,1,1,1,1
1,1,1,1,1,1,fcz04f,1,1,1,1
1,1,1,1,0,1,4rl9s4,1,1,1,1
0,1,0,1,0,1,8bbsx6,0,1,0,1
0,1,0,1,0,1,dc05wl,0,1,0,1
0,1,0,1,0,1,9pur76,0,1,0,1
1,1,1,1,1,1,eu7wc6,1,1,1,1
1,1,0,1,0,1,gs3738,0,1,0,1
1,0,1,1,0,0,5o2lhv,0,0,1,0
1,1,0,1,0,0,9q117f,0,1,0,1
1,0,1,0,0,0,fe9qrn,1,0,1,0
1,1,1,1,1,1,40vrph,1,1,1,1
0,1,0,1,0,1,5ee1im,0,1,0,1
1,1,1,1,0,0,ba16b8,0,0,1,0
1,1,1,1,0,0,d9r9rb,1,1,1,1
1,0,1,0,0,0,6ty64x,1,0,1,0
1,1,0,1,0,1,6g3jwj,0,1,0,1
0,1,0,1,0,0,9w6czx,0,1,0,1
1,1,0,1,0,1,frt7a2,0,1,0,1
1,1,1,1,0,0,c253dv,1,1,1,1
0,1,0,1,0,1,8habh1,0,1,0,1
1,1,0,1,0,1,ejrs84,0,1,0,1
1,0,1,0,0,0,50853y,1,0,1,0
1,1,1,1,1,1,d3j9ev,1,1,1,1
1,0,1,0,0,0,fvisr9,1,0,1,0
1,0,1,0,0,0,bps20e,1,0,1,0
0,1,0,1,0,1,atbyyk,0,1,0,1
1,1,1,1,1,1,n38akt,0,1,1,1
1,1,1,1,0,1,a86swk,0,1,1,1
0,1,0,1,0,1,4jwxgp,0,1,1,1
1,1,1,1,1,1,65t32j,1,1,1,1
1,1,1,1,0,0,9gzy6x,1,1,1,1
1,1,1,1,1,1,i2zlu1,1,1,1,1
1,1,1,1,0,0,hzb6mv,1,1,1,1
1,0,1,1,0,0,o75isa,1,1,1,0
0,1,0,1,0,0,emq5wh,0,0,0,1
1,1,1,0,0,0,6r70yd,1,0,1,0
1,0,1,0,0,0,g5fcee,0,0,1,1
1,0,1,0,0,0,cfzemo,1,1,1,0
1,0,1,0,0,0,98k9di,1,0,1,0
1,1,0,1,1,1,fyrieu,0,1,0,1
0,1,0,1,0,1,elzurc,0,1,0,1
1,0,1,0,0,0,n36x3e,0,0,1,1
1,1,1,1,1,1,40axvg,1,1,1,1
1,1,1,1,0,0,9kacqu,1,1,1,1
1,1,1,1,1,1,al0e0r,1,1,1,1
1,1,1,1,0,0,ftryda,1,1,1,1
1,1,1,1,1,1,bajukd,1,1,1,1
0,1,0,1,0,1,cjr34f,0,1,0,1
1,1,1,1,0,1,bd8jz6,0,1,1,1
0,1,0,1,0,1,40f9bq,0,1,1,1
1,1,1,1,0,0,5bl56g,1,1,1,1
1,1,1,1,0,0,4yznl8,1,1,1,1
0,1,0,1,0,1,7tj91k,0,1,0,1
1,1,1,1,1,1,cwfhxk,1,1,1,1
1,1,1,1,1,1,fz54ba,1,1,1,1
1,1,1,1,1,1,cnvtl1,1,1,1,1
1,1,1,1,1,1,4m64z5,1,1,1,1
1,0,1,0,0,0,hu8mcv,1,0,1,0
1,1,0,1,0,1,6srggq,0,1,0,1
1,1,1,1,1,0,7ezp9v,1,1,1,1
1,1,0,1,0,1,7zsa8u,0,1,0,1
1,1,0,1,0,0,ecbsea,0,1,1,1
1,1,1,1,0,0,84e0r4,0,1,1,1
1,1,0,1,0,1,9rab8u,1,1,1,1
1,1,0,1,0,1,41kcra,0,1,0,1
1,0,1,0,0,0,fyptd7,1,0,1,0
1,1,1,1,0,0,acyrb6,1,1,1,1
1,1,1,0,0,0,hmvk6w,1,1,1,0
1,1,0,1,0,1,nw33fl,0,1,0,1
0,1,0,1,0,0,eujr75,0,1,0,1
0,1,0,1,0,0,49ba39,0,0,0,1
1,0,0,0,0,0,770vhp,0,0,0,0
1,1,1,1,1,0,5c6sz8,1,1,1,1
1,1,1,1,0,0,8tlm2x,1,1,1,1
1,1,1,1,0,0,eshnq5,1,1,1,1
0,1,0,1,0,1,kchbyo,0,1,0,1
1,1,1,1,1,1,np2tnn,1,1,1,1
1,1,1,1,0,0,ach399,0,1,0,1
1,1,0,1,0,1,7wgz5y,0,1,0,1
0,1,0,1,0,1,equc85,0,1,0,1
1,1,1,1,1,1,9r5ign,1,1,1,1
1,1,1,1,0,0,7tazy9,0,1,0,1
1,1,1,1,0,0,ddv4nn,0,1,1,1
1,1,0,1,0,0,aar2e3,0,1,0,1
1,1,1,1,1,1,fmkkx8,1,1,1,1
1,1,1,1,1,1,edci9a,1,1,1,1
1,1,1,0,0,0,b916u8,1,0,1,0
1,1,1,1,1,1,g768ib,0,1,1,1
1,1,1,1,0,1,4tdoqu,1,1,1,1
1,1,0,1,0,0,d5rv1f,0,1,1,1
1,1,0,1,0,1,g5u55m,0,1,0,1
1,1,1,1,1,1,i7m4a0,1,1,1,1
1,1,0,1,0,1,gvftbv,0,1,0,1
1,1,1,1,0,0,5xfasw,1,0,1,1
1,1,1,1,0,0,d9uvn3,1,1,1,1
1,1,1,1,1,1,bl64gn,1,1,1,1
1,1,0,1,0,1,4ie4o7,0,1,0,1
1,1,1,1,0,1,7v2sry,0,1,1,1
1,1,0,1,0,1,azy3m6,1,1,0,1
1,1,1,1,0,0,6a3e4r,1,1,1,1
1,1,0,1,0,0,755unn,0,1,0,1
1,1,1,1,0,1,c82v86,0,1,1,1
1,1,1,1,0,0,ndqrg8,0,1,1,1
1,1,1,1,0,1,92gexe,0,1,1,1
1,1,1,1,0,0,92jjws,0,1,1,1
1,1,1,1,1,1,agtte4,1,1,1,1
1,1,0,1,0,1,d9ewwd,0,1,0,1
1,0,1,1,1,1,9daj8i,1,0,0,0
0,0,0,1,0,1,ewmcfl,0,1,0,1
1,1,1,1,0,0,ek1p92,1,1,1,1
0,0,0,0,0,0,axec9e,0,0,0,0
1,1,0,1,0,1,drqpbb,0,1,1,1
1,1,0,1,0,1,82vb72,0,1,1,1
1,1,1,1,0,1,jjwv3h,1,1,1,1
1,1,1,1,0,0,h15tpy,0,1,1,1
1,1,1,1,1,1,era6n9,1,1,1,1
1,1,1,1,1,1,5ou37v,1,1,1,1
0,1,0,1,0,1,dlmcig,0,1,1,1
1,1,1,1,0,0,f7m8tn,1,0,1,0
1,1,1,1,1,1,4gqgry,1,1,1,1
0,1,0,1,0,1,bojtmd,0,1,0,1
1,1,1,1,0,0,ck3xkc,0,1,1,1
1,1,1,1,1,1,8sfjt0,1,1,1,1
0,1,0,1,0,1,b4xn00,0,1,0,1
1,1,0,1,0,1,cg36fu,0,1,0,1
1,1,1,1,1,1,bz2gh8,1,1,1,1
1,1,1,1,1,1,7xlud1,1,1,1,1
1,1,1,1,0,1,861owl,1,1,1,1
1,1,0,1,0,1,8xjhrm,0,1,1,1
1,1,1,1,0,1,eb7quk,1,1,1,1
1,1,0,1,0,1,9dwbmn,0,1,0,1
1,1,1,1,0,0,4vg6l7,0,1,0,1
1,0,1,0,0,0,aeq9o3,1,0,1,0
1,1,1,1,0,0,7d6wlo,1,1,1,1
1,1,1,1,1,1,lfulc0,1,1,1,1
1,1,0,1,0,1,5v9tyt,0,1,0,1
1,1,1,1,0,0,fyra0l,1,1,1,1
1,1,0,1,0,1,bu8ydq,0,1,0,1
1,1,1,1,0,0,c69mj6,0,1,1,1
0,1,0,1,0,0,a2ytd3,0,1,0,1
1,1,0,1,0,1,d1leei,0,1,0,1
1,1,1,1,1,1,54qe8u,1,1,1,1
1,1,1,1,1,1,7sy2u0,1,1,1,1
0,1,1,0,0,0,6qbrjb,0,1,0,1
1,1,1,1,0,1,d4qkg1,1,1,1,1
1,1,0,1,0,0,dxkao0,0,1,0,1
1,1,1,1,0,0,ol78lq,1,1,1,1
1,1,0,1,0,0,5kvpsa,0,1,0,1
1,1,1,1,0,0,iv6xci,1,1,1,1
1,1,0,1,0,1,oq7aw6,0,1,0,1
1,1,1,1,1,1,dcc7y5,1,1,1,1
0,1,0,1,0,1,d539un,0,1,0,1
1,1,1,1,0,1,esvj25,0,1,1,1
1,1,1,1,0,0,adr5ac,0,1,1,1
1,1,1,1,0,0,8yvq49,1,1,1,1
1,0,1,0,0,0,97k845,1,0,1,0
1,1,0,1,0,1,azcx97,0,1,0,1
1,0,1,0,0,0,fxza7d,1,0,1,0
0,1,0,1,0,0,5i1nh1,0,0,0,1
1,1,0,1,0,1,fclqbe,0,1,0,1
1,1,0,1,0,1,i3dbl3,0,1,1,1
1,1,1,0,0,0,50fj3w,1,1,1,0
1,1,1,1,1,1,jii3aj,1,1,1,1
1,0,1,0,0,0,bix379,1,0,1,1
1,1,1,1,0,0,7myec6,0,1,1,1
1,0,0,0,0,0,fma54o,0,0,1,0
1,1,0,1,0,0,85qgrp,0,1,0,1
1,1,1,1,0,1,jy7jgm,1,1,1,1
1,1,0,1,0,1,9k2o9k,0,1,0,1
1,1,1,1,0,1,73i8gv,1,1,1,1
1,1,1,1,1,1,db8srg,1,1,1,1
1,1,0,1,0,0,fcjotc,0,1,0,1
0,1,0,1,0,1,6xntuw,0,1,0,1
1,1,1,1,0,0,d9v698,1,1,1,1
1,1,0,1,0,1,gb5gqf,0,1,0,1
0,0,0,0,0,0,j99rj8,0,0,0,0
1,1,0,1,0,0,fj5e9p,0,1,0,1
1,1,0,1,0,0,4s1sm6,0,1,0,1
1,1,1,1,1,1,hyozlu,1,1,1,1
0,1,0,1,0,1,gpndca,0,1,0,1
1,0,1,0,0,0,bxw1nq,1,0,1,0
1,1,1,1,1,1,7ysq4m,1,1,1,1
0,1,0,1,0,1,bqj8y5,0,1,0,1
1,1,1,1,0,0,ejkwcj,1,1,1,1
1,1,0,1,0,0,f7s1bk,1,1,1,1
1,1,1,1,0,0,felo77,0,1,1,1
1,1,0,1,0,0,dw51ii,0,1,0,1
1,1,1,1,0,0,a7gba1,0,1,0,1
1,1,1,1,0,0,dgdra8,1,1,1,1
1,1,1,1,1,1,egy1ik,1,1,1,1
1,1,0,1,0,1,555qz0,0,1,0,1
1,1,0,1,1,1,dbj28g,1,1,1,1
1,1,1,1,0,0,cryf0n,1,1,1,1
0,0,0,0,0,0,aagmj0,0,0,0,1
1,1,1,1,0,0,91pm86,1,0,1,1
1,1,1,1,0,0,7mn317,0,1,0,1
1,1,1,1,0,0,izw59l,1,1,1,1
1,1,1,1,0,0,52i50a,0,1,1,1
1,1,1,1,0,1,6ld2zz,0,1,0,1
1,1,1,1,1,1,gqg2a6,1,1,1,1
0,1,0,1,0,1,7iync1,0,1,0,1
1,1,1,1,0,0,f6hvc0,0,1,0,1
0,1,0,1,0,1,dcm5er,0,1,0,1
0,1,0,1,0,0,a1f9k7,0,1,0,1
1,0,1,0,0,0,da9vlh,1,0,1,0
1,1,1,1,1,1,irygp2,1,1,1,1
1,1,0,1,1,1,8gwifm,1,1,1,1
1,1,1,1,0,0,5v8l5y,0,1,1,1
1,1,1,1,0,0,8fmllt,1,1,1,1
0,1,0,1,0,0,bsales,0,1,0,1
1,1,0,1,0,0,6zg25z,1,1,1,1
1,1,1,1,0,1,91cdwj,1,1,1,1
0,1,1,1,0,1,gk95eh,0,1,1,1
0,1,0,1,0,1,f4u9jb,0,1,0,1
1,1,1,1,0,0,8currv,1,1,1,1
1,0,1,0,0,0,bdf3ed,1,0,1,0
1,1,1,1,1,1,7kniml,1,1,1,1
1,1,1,1,1,1,d84nve,1,1,1,1
1,0,1,1,0,0,dxx7bv,0,1,1,1
1,1,1,1,0,1,a05x2h,0,1,1,1
1,1,1,1,1,1,i541nr,1,1,1,1
1,1,1,1,0,0,go8baz,0,1,1,1
1,1,1,1,0,1,8ye4b5,1,1,1,1
1,1,0,1,0,0,92r6z8,0,1,0,1
1,1,1,1,1,1,64gs7t,0,1,1,1
1,1,0,1,0,0,gy70qi,0,1,0,1
0,1,0,1,0,1,8eyjd7,0,1,0,1
1,1,1,1,1,1,413gut,1,1,1,1
0,1,0,1,0,0,czvomt,0,1,0,1
1,1,1,1,0,0,6la8rh,0,1,1,1
1,1,1,1,0,0,en090a,1,1,1,1
1,1,1,1,1,1,eo6dc4,1,1,1,1
1,1,1,1,0,0,eo6ap2,1,1,1,1
1,1,1,1,0,0,4fkhs2,1,1,1,1
1,1,1,1,0,0,e5ddgy,0,1,1,1
1,0,1,0,0,0,5zgi27,1,0,1,0
1,1,0,1,0,1,4ks3fm,0,1,0,1
1,1,1,1,1,1,5f20hp,0,1,1,1
1,1,1,1,0,0,8666lv,1,1,1,1
1,1,0,1,0,0,7bugpz,0,1,0,1
1,1,1,1,0,0,eb7wtx,0,1,1,1
1,1,1,1,0,0,71ats1,1,1,1,1
0,1,0,1,0,0,8d8vaq,0,1,0,1
1,0,1,0,0,0,7344wp,1,0,1,0
0,1,0,1,0,1,dikwhe,0,1,0,1
1,1,1,1,0,1,iqnils,0,1,0,1
1,1,1,1,1,1,djr922,1,1,1,1
1,1,0,1,0,1,4fjkr9,0,1,0,1
1,1,0,1,0,1,44pvlt,0,1,0,1
1,1,1,1,1,1,d65y29,1,1,1,1
0,1,0,1,0,0,ckg163,0,1,0,1
1,1,1,1,1,1,4gsrpc,1,1,1,1
1,1,0,1,0,1,m5e4pn,0,1,0,1
1,1,0,1,0,0,azb617,0,1,1,1
1,1,1,1,0,0,6thnu5,0,1,1,1
1,1,1,1,0,0,e6xeln,0,1,1,1
1,1,1,1,1,1,43cy03,1,1,1,1
1,1,1,1,1,1,4kfpnq,0,1,1,1
1,1,1,1,1,1,51j7h5,1,1,1,1
1,1,1,1,1,1,4czind,1,1,1,1
0,1,0,1,0,1,dyu5b4,0,1,0,1
1,1,1,1,1,1,8jsnih,1,1,1,1
0,0,0,0,0,0,858vwx,0,0,0,0
0,1,0,1,0,1,4numis,0,1,0,1
1,1,0,1,0,0,g6vy9s,0,0,1,1
1,1,0,1,0,0,dew5hf,0,1,0,1
1,1,1,1,1,1,fmcchk,1,1,1,1
0,0,0,0,0,0,803aqg,0,0,0,0
1,1,1,1,1,1,apko3s,1,1,1,1
1,1,0,1,0,1,eovdee,0,1,1,1
1,1,1,1,0,0,funjrs,1,1,1,1
1,1,0,1,0,0,ep69t1,0,1,0,1
0,1,0,1,0,1,lxzatt,0,1,0,1
0,1,0,1,0,1,f10iaz,0,0,0,1
1,0,1,1,0,0,6fogjn,1,0,1,0
1,1,0,1,0,1,9nfuke,1,1,1,1
1,1,0,1,0,1,5btbv9,0,1,0,1
1,1,1,1,0,0,g8shho,0,1,1,1
1,1,1,1,0,0,ejbjml,1,1,1,1
1,1,0,1,0,1,e2y69k,0,1,0,1
1,1,0,1,0,0,ffwv8w,0,1,0,1
1,1,1,1,0,1,9pp635,0,1,1,1
1,1,0,1,0,1,csn61f,1,1,0,1
1,1,1,1,0,0,h7ua67,1,0,1,0
1,1,1,1,0,0,io7wqa,0,1,1,1
1,1,1,1,1,1,djqrnu,1,1,1,1
1,1,0,1,0,1,7rcf8z,0,1,1,1
1,1,1,1,0,0,4bjehi,1,1,1,1
1,1,0,1,0,0,azjah5,0,1,0,1
0,1,0,1,0,1,hlilhk,0,1,0,1
1,1,1,0,0,0,efziz0,1,0,1,0
1,1,0,1,0,0,6mo96h,0,1,1,1
1,1,0,1,0,1,8fnya5,0,1,0,1
1,1,1,1,0,0,higx3r,1,1,1,1
1,1,0,1,0,1,h7m0uu,0,1,1,1
1,1,1,1,0,0,dsi41h,1,1,1,1
1,1,0,1,0,0,ip6nxr,0,1,0,1
1,1,0,1,0,0,7je6xy,0,1,0,1
0,1,0,1,0,0,5qkpz8,0,1,1,1
1,1,1,1,1,1,gp7ydp,1,1,1,1
1,1,1,1,1,1,m1d4ds,1,1,1,1
1,1,1,1,1,1,jqg12s,1,1,1,1
1,1,1,1,0,0,jq9zri,1,1,1,1
1,1,1,1,1,1,jr9rr7,1,1,1,1
1,1,1,1,0,0,m0pe93,1,1,1,1
1,1,1,1,0,1,4coxiz,0,1,1,1
1,1,1,1,0,0,og1wje,1,1,1,1
0,1,0,1,0,1,43o1fk,0,1,0,1
1,1,0,1,0,1,drswbv,0,1,0,1
0,1,0,1,1,1,i16ski,0,1,0,1
1,1,1,1,0,0,dmp61i,1,1,1,1
1,1,1,1,0,0,hdlgrc,1,1,1,1
1,1,0,1,0,0,d83em1,0,1,0,1
1,1,1,1,0,0,b2cvcl,1,1,1,1
1,1,1,1,1,1,6t20gd,1,1,1,1
1,1,0,1,0,1,62w357,0,1,0,1
1,1,1,1,0,0,7o3vkt,1,0,1,1
1,1,0,1,0,1,awxb07,0,1,0,1
0,1,1,1,0,1,850ms3,0,1,0,1
1,1,1,1,1,1,63arb8,0,1,1,1
1,1,0,1,0,0,exwkfl,0,1,0,1
0,1,0,1,0,0,6ns2mx,0,1,0,1
1,1,1,1,0,0,eyvjpu,0,1,1,1
1,1,1,1,0,0,dfjxzb,0,1,1,1
1,1,0,1,0,0,dxcpl3,1,1,1,1
1,1,1,1,0,0,g6e82n,1,1,1,1
1,1,0,1,0,0,ct6xa7,0,0,1,0
1,1,0,1,0,0,8xgqov,0,1,0,1
0,1,0,1,0,1,4u1oxt,0,1,1,1
1,1,0,1,0,1,awypxy,0,1,0,1
1,1,0,1,0,1,a0s2y5,0,1,1,1
1,1,1,1,0,0,a5j7v0,1,1,1,1
1,1,1,1,1,1,5y15wd,1,1,1,1
1,1,0,1,0,1,fmkyoe,0,1,0,1
1,1,0,1,0,1,9qkoih,0,1,0,1
1,1,1,1,0,0,hcrdmq,1,1,1,1
1,0,1,0,0,0,88t22i,1,0,1,0
0,1,0,1,0,1,em2nc1,0,1,0,1
1,1,0,1,0,0,9zyt5q,0,1,0,1
0,1,1,1,0,1,a4tx9g,0,1,0,1
1,1,1,1,0,0,by5m1r,0,1,1,1
1,1,1,1,0,0,d6np0o,0,1,1,1
1,1,1,1,0,0,a21lzk,1,1,1,1
1,1,0,1,0,0,e5wyvv,0,1,0,1
1,1,1,1,0,0,8xjpiz,1,1,1,1
1,1,1,1,0,0,44pqhw,1,1,1,1
1,1,1,1,0,1,h8cms9,0,1,0,1
1,1,0,1,0,1,hdrlyq,0,1,1,1
1,1,1,1,1,0,8i2gk8,0,1,1,1
1,1,1,1,0,1,8rp20p,1,1,1,1
1,1,1,1,1,1,dx76zb,1,1,1,1
0,1,0,1,0,0,5j5th8,0,1,0,1
1,1,1,1,1,1,cv7dfj,1,1,1,1
0,1,0,1,0,1,5sfv6a,0,1,0,1
0,1,0,1,0,0,eyc377,0,0,0,1
1,1,0,1,0,0,fdt4ie,0,1,0,1
0,1,0,1,0,1,4e8xvz,0,1,0,1
1,1,1,1,0,0,9ujixq,1,1,0,1
0,1,0,1,0,0,8qtzat,0,1,0,1
1,1,1,1,0,0,atw52s,1,1,1,1
1,1,1,1,0,0,d7b3ol,1,1,1,1
1,1,0,1,0,1,40j1r6,0,1,0,1
1,1,0,1,0,0,40j55i,0,1,0,1
1,1,1,1,0,0,5hfm52,1,1,1,1
1,1,1,1,0,1,ezs88i,1,1,1,1
1,1,1,1,0,0,gau078,0,1,0,1
1,1,1,1,0,1,44rx17,1,1,1,1
1,1,0,1,0,1,ay8y50,0,1,0,1
1,1,1,1,1,1,947h2s,1,1,1,1
1,1,1,1,1,1,azt1um,1,1,1,1
1,1,0,1,0,1,6ejwtr,0,1,0,1
1,0,1,1,0,0,ed46hr,0,0,1,0
0,1,0,1,0,1,55bz7a,0,1,0,1
1,1,1,1,0,0,g7ig1g,0,1,1,1
1,0,1,0,0,0,7kpzy0,1,0,1,0
1,1,1,1,0,0,6hqx95,1,1,1,1
1,0,0,0,0,0,jvncdv,0,0,1,0
0,1,0,1,0,1,h8ltvh,0,1,0,1
0,1,0,1,0,1,e18zjo,0,1,0,1
0,1,0,1,0,1,c7ninj,0,1,0,1
0,1,0,1,0,1,axb46f,0,1,0,1
1,1,1,1,0,0,abpeir,0,1,1,1
0,1,0,1,0,1,4rkvuu,0,1,0,1
1,1,0,1,0,1,ech4cb,0,1,0,1
1,1,1,1,1,1,cl7oq2,1,1,1,1
1,0,1,0,1,1,hfy5v9,1,0,1,0
1,0,1,0,0,0,hfy74l,1,0,1,0
1,1,1,1,1,1,7khm7c,1,1,1,1
1,1,1,1,1,1,a2xf2y,0,1,1,1
1,1,1,1,1,1,7xs2u5,0,1,1,1
1,1,1,1,1,1,6rfdsv,1,1,1,1
1,1,1,1,0,0,cagbre,1,1,1,1
0,1,0,1,0,1,h8mlo6,0,1,0,1
1,1,1,1,0,0,cjeqlw,1,1,1,1
1,1,0,1,0,1,anr7gh,0,1,0,1
0,0,0,1,0,0,664pzk,0,0,0,1
1,1,1,1,1,1,beny5c,1,1,1,1
1,1,1,1,1,0,6wmm1y,1,0,1,1
1,1,1,1,1,1,brt71b,1,1,1,1
1,1,0,1,0,1,dnb8ur,0,1,0,1
1,1,1,1,0,1,400qga,1,1,1,1
0,1,0,1,0,1,b9j2s0,0,1,1,1
0,1,0,1,0,1,ab3sod,0,1,0,1
0,1,0,1,0,1,d7g47y,0,1,0,1
0,1,0,1,0,0,bewlec,0,1,0,1
1,1,1,1,1,1,aa6go0,1,1,1,1
1,1,1,1,1,1,d49gyl,1,1,1,1
1,1,0,1,0,1,bxnvjg,0,1,0,1
0,1,0,1,0,1,c2n2fz,0,1,0,1
1,1,1,1,1,1,fx3vr4,1,1,1,1
0,1,0,1,0,1,9k0yjw,0,1,0,1
0,1,0,1,0,1,494gbk,0,1,0,1
0,1,0,1,0,1,cz2b4h,0,1,0,1
0,1,0,1,0,1,943r7m,0,1,0,1
1,1,0,1,0,1,6b184w,0,1,0,1
0,1,0,1,0,1,icu25x,0,1,0,1
1,1,1,1,0,1,ehvzcy,1,1,1,1
1,1,0,1,0,1,ek9d12,0,1,0,1
0,1,0,1,0,1,5j7qo6,0,0,0,1
1,1,0,1,0,1,a0uof2,0,1,1,1
1,1,1,1,0,1,c60klp,0,1,0,1
1,1,0,1,0,1,c88ca3,0,1,0,1
1,1,0,1,0,1,duge2i,0,1,0,1
1,1,0,1,0,0,9ezuti,0,1,0,1
1,1,0,1,0,1,b21lak,1,1,0,1
1,1,1,1,0,0,boehnw,1,1,1,1
1,1,1,1,1,1,eoe6pu,1,1,1,1
1,1,1,1,1,1,88lc8q,0,1,1,1
1,1,1,1,1,1,htbwyv,1,1,1,1
1,1,1,1,1,1,9l2ah1,1,1,1,1
1,1,1,1,1,1,6pmcx3,1,1,1,1
1,1,1,1,1,1,brirwf,1,1,1,1
1,1,1,1,1,1,7g2v1y,1,1,1,1
1,1,1,1,1,1,66euwe,0,1,1,1
1,1,0,1,1,1,afhbny,0,1,1,1
1,1,1,1,1,1,aow3l9,1,1,1,1
1,1,1,1,1,1,e4gxe9,0,1,1,1
1,1,1,1,1,1,63vh2v,0,1,1,1
1,1,1,1,1,1,4g2fdg,1,1,1,1
1,1,1,1,1,1,47afya,0,1,1,1
1,1,0,1,0,1,jlazjj,0,1,0,1
0,1,0,1,0,1,4gyqaf,0,1,0,1
1,1,0,1,1,1,6hxme5,0,1,0,1
1,1,1,1,0,0,6hxk7m,0,1,0,1
1,1,1,1,1,1,gsful6,1,1,1,1
0,1,0,1,0,1,4m5nvj,0,1,0,1
1,1,0,1,0,1,drcdhf,0,1,0,1
0,1,0,1,0,0,clsj3j,0,1,0,1
1,1,0,1,0,1,49pw78,0,1,1,1
1,1,0,1,0,1,8yqoji,0,1,0,1
1,1,1,1,1,1,aj8u6m,1,1,1,1
0,1,0,1,0,1,aliwct,0,1,0,1
0,1,0,1,0,1,5k577q,0,1,0,1
1,1,0,0,0,1,bxngqt,1,1,1,1
0,1,0,1,0,0,b66vcn,0,1,0,1
1,1,0,1,0,1,d8qys9,0,1,0,1
1,1,0,1,0,1,93qx5t,0,1,0,1
0,1,0,1,0,1,4dmzid,0,1,0,1
1,1,1,1,0,1,81rk5c,1,1,1,1
0,1,0,1,0,1,6ouqyy,0,1,0,1
1,1,0,1,0,1,6pjgj9,0,1,0,1
0,1,0,1,0,1,4su7hd,0,1,0,1
0,1,0,1,0,1,430xa6,0,1,1,1
1,1,1,1,0,1,c8wzrx,0,1,1,1
1,1,0,1,0,1,7z0pk3,0,1,0,1
1,1,1,1,0,1,akrq0o,1,1,1,1
0,1,0,1,0,0,8ml82k,0,1,0,1
1,1,1,1,0,1,cy2wob,1,1,1,1
1,1,1,1,1,1,dzcs6y,1,1,1,1
1,1,0,1,0,1,a3fluk,0,1,0,1
1,1,0,1,0,1,djlcsd,1,1,1,1
0,1,0,1,0,1,83alif,0,1,0,1
0,1,0,1,0,1,9n0v7r,0,1,1,1
1,1,1,1,0,1,gnfdmm,1,1,1,1
1,1,1,1,0,1,5kcccb,0,1,1,1
0,1,0,1,0,1,ej8roy,0,1,0,1
0,1,0,1,0,1,g4ltrd,0,1,0,1
1,1,0,1,0,1,cfvspc,0,1,1,1
0,1,0,1,0,1,dhkub1,0,1,0,1
0,1,0,1,0,1,8tl0wi,0,1,0,1
1,1,1,1,0,1,50yg5s,0,1,0,1
1,1,0,1,0,1,dg99pa,0,1,0,1
1,1,0,1,0,1,dusrnk,0,1,1,1
1,0,1,0,0,0,ejhv3w,1,0,1,0
0,1,0,1,0,1,icvrcz,0,1,0,1
1,1,1,1,1,1,8bmqtr,1,1,1,1
0,1,0,1,0,1,cv7yd2,0,1,0,1
0,1,0,1,0,1,9omzhk,0,1,0,1
1,1,1,1,1,1,er944t,1,1,1,1
1,1,1,0,0,0,5wvdel,1,1,1,1
1,1,1,0,0,0,5wvpjt,1,1,1,1
1,1,1,1,1,1,djg9ga,1,1,1,1
0,1,0,1,0,1,4nj5fo,0,1,0,1
1,1,1,1,1,1,687tqb,1,1,1,1
1,1,1,1,1,1,bfigh2,1,1,1,1
1,1,1,1,1,1,c6lw9y,1,1,1,1
1,1,1,1,1,1,gb3719,1,1,1,1
1,1,1,1,1,1,5j0uhj,1,1,1,1
1,1,0,1,0,1,bniqqj,0,1,0,1
1,1,1,1,0,0,cauluo,1,1,1,1
0,1,0,1,0,1,dqbun0,0,1,0,1
0,1,0,1,0,1,cxca63,0,1,0,1
1,1,0,1,0,1,e1lvbs,0,1,0,1
1,1,0,1,0,1,e6db0a,0,1,0,1
1,1,1,1,0,1,820o4d,1,1,1,1
1,1,0,1,0,1,c1ghje,0,1,0,1
0,1,0,1,0,1,8iww9v,0,1,0,1
0,1,0,1,0,1,7tgeca,0,1,0,1
0,1,0,1,0,1,8qamu5,0,1,0,1
1,1,1,1,0,1,7bgcn8,1,1,1,1
1,1,1,1,1,1,aykj6g,1,1,1,1
1,1,0,1,0,1,5cz2zk,0,1,0,1
0,1,0,1,0,1,hbacsd,0,1,0,1
0,1,0,1,0,1,gowmx4,0,1,0,1
0,1,0,1,0,1,4h3cjr,0,1,0,1
1,1,1,1,0,1,9aebdk,0,1,1,1
1,0,1,0,0,0,gt4nvd,1,0,1,0
1,1,1,1,1,1,f49c1i,1,1,1,1
1,1,1,1,1,1,dottbf,1,1,1,1
1,1,0,1,0,1,gbzjf1,0,1,0,1
1,1,1,1,1,1,9dbf4a,1,1,1,1
1,1,1,1,0,0,hif4mz,1,1,1,1
1,1,1,1,0,1,ero3q6,0,1,1,1
1,1,1,1,1,1,4fuq5t,1,1,1,1
1,1,1,1,0,0,dabw50,1,1,1,1
1,1,1,1,1,1,jr4klp,1,1,1,1
1,0,1,0,1,0,ejqz6d,1,0,1,0
1,1,1,1,0,0,dpzorf,1,1,1,1
1,1,1,1,0,0,ftum4g,1,1,1,1
0,1,1,1,0,1,efv7wn,1,1,1,1
1,1,1,1,1,1,d86y0r,1,1,1,1
1,1,0,1,0,0,5bg87i,0,0,0,0
1,1,1,0,0,0,heguf7,1,0,1,1
1,0,0,0,0,0,bhgz6k,0,0,1,0
1,1,1,1,1,1,b0zp61,1,1,1,1
1,1,0,1,0,1,fx5zlf,0,1,1,1
1,1,1,1,0,1,6n6rhk,1,1,1,1
1,1,1,1,1,1,9wapws,1,1,1,1
1,1,0,1,0,1,6bu694,1,1,1,1
1,1,1,1,0,0,g44w9q,1,1,1,1
1,1,1,1,0,1,ew8b6b,0,1,1,1
1,1,1,1,0,0,ajzqmq,1,1,1,1
1,1,0,1,0,0,bfshks,0,1,0,1
0,1,0,1,0,1,40kgfq,0,1,0,1
1,1,0,1,0,1,b48pnd,0,1,0,1
1,1,1,1,0,1,f5qxqu,0,1,0,1
1,1,1,1,0,0,96i282,1,1,1,1
1,1,1,1,0,1,dt9atx,0,1,1,0
1,1,1,1,0,1,cmsc2a,1,1,1,1
1,1,1,1,0,0,dy98cz,1,1,1,1
1,1,1,1,0,0,44qlo0,1,1,1,1
1,1,0,1,0,1,5tlsmx,0,1,0,1
1,1,0,1,0,0,9jl0cs,1,1,1,1
1,0,1,0,0,0,e7otbt,1,0,1,0
1,0,0,0,0,0,f2epfc,0,0,0,0
0,1,0,1,0,1,fbcauo,0,1,0,1
1,1,1,1,1,1,e1epmz,1,1,1,1
1,1,1,1,0,0,ctatl2,1,1,1,1
1,1,1,1,0,1,732nvq,1,1,1,1
0,1,0,1,0,1,8j1vb6,0,1,0,1
1,1,1,1,0,0,aktgb6,0,1,1,1
1,1,1,1,0,0,77ksq5,1,1,1,1
1,1,1,1,1,1,eojgjc,1,1,1,1
1,0,1,0,0,0,o7ugk5,1,0,1,0
0,1,0,1,0,1,fiwzfr,0,1,0,1
1,1,0,1,0,1,ep2a6k,0,1,0,1
1,1,1,1,0,0,4r0ljt,1,1,0,1
1,1,1,1,1,1,7v80gv,1,1,1,1
1,1,0,1,0,0,6ocut1,0,1,0,1
1,0,1,0,0,0,dlh76z,0,0,1,0
1,1,0,1,0,0,7tntnh,0,1,0,1
1,1,1,1,0,0,gr2glm,1,0,1,1
0,1,0,1,0,1,f5x2nc,0,1,0,1
1,1,1,1,0,0,6vf02x,1,0,1,0
0,1,0,1,0,1,5i5zpw,0,1,0,1
1,0,1,0,0,0,c1wtji,1,0,1,0
1,0,1,1,0,0,gk7yh5,1,0,1,1
1,1,0,1,0,0,9z3mw5,0,1,0,1
0,1,0,1,0,1,64aobk,0,1,0,1
1,1,1,1,0,0,hw6uvm,0,1,0,1
1,1,1,1,0,0,giq6yk,1,1,1,1
1,1,1,1,0,0,86atpp,0,0,1,1
0,1,0,1,0,1,7bsqsw,0,1,0,1
1,1,1,1,0,0,cz9b6p,0,1,1,1
1,0,1,0,0,0,4n3so1,1,0,1,0
0,1,0,1,0,0,7xfh2c,0,1,0,1
0,1,0,1,0,1,de0i3c,0,1,0,1
1,1,0,1,0,1,453yvs,0,1,0,1
0,1,0,1,0,1,dtc2an,0,1,0,1
0,1,0,1,0,1,g13lvf,0,1,0,1
1,1,0,1,0,1,4ltl74,0,1,0,1
1,0,1,0,0,0,9j2w2l,1,0,1,0
1,1,1,1,1,1,flagl9,1,1,1,1
1,1,0,1,0,1,blbip9,0,1,0,1
1,1,1,1,0,0,bkicqm,0,1,1,1
1,1,0,1,0,1,6sg4rp,0,1,1,1
1,1,1,1,0,0,7lrz5y,1,1,1,1
1,1,1,1,1,1,6464aq,1,1,1,1
1,1,1,1,1,1,glr9qa,0,1,0,1
1,1,0,1,0,0,5oqw4e,1,1,1,1
1,1,1,1,1,1,fa8ajq,0,1,1,1
1,1,1,1,1,1,6zsykl,1,1,1,1
1,1,0,1,0,1,emyhgd,0,1,0,1
0,1,0,1,0,1,d93ka1,0,1,0,1
0,1,0,1,0,1,9zkut4,0,1,1,1
1,1,0,1,0,0,9zkv9y,0,1,1,1
1,1,1,1,1,1,a015s7,0,1,1,1
1,1,0,1,0,1,9w89i5,1,1,1,1
1,1,1,1,1,1,aktf30,1,1,1,1
1,1,0,1,0,1,9bzejl,0,1,0,1
1,1,1,1,0,0,9i956c,0,1,1,1
1,1,0,1,0,1,l0b8b4,0,1,1,1
1,0,0,1,0,0,mw3mof,0,0,0,0
1,1,0,1,0,1,l3x32g,0,1,1,1
1,1,1,1,1,1,9h8dy2,1,1,1,1
0,1,0,0,0,0,e9vgtl,0,0,0,0
1,1,1,1,1,1,9j8w6b,0,1,1,1
1,1,0,1,0,1,e3cv6e,0,1,0,1
1,1,0,1,0,1,55kpfu,0,1,1,1
1,1,1,1,0,0,65h66l,1,1,1,1
1,1,0,1,0,1,49n1zo,0,1,0,1
1,1,0,1,0,1,4hugsr,0,1,1,1
0,1,0,1,0,1,5951si,0,1,0,1
1,1,1,1,1,1,83zkmp,0,1,1,1
1,1,1,1,0,0,j802b8,1,1,1,1
1,1,0,1,0,1,fe4i9k,0,1,1,1
1,0,1,0,0,0,cz35r7,1,0,1,0
1,1,1,1,1,1,9pf9f4,1,1,1,1
1,1,0,1,0,1,eakswt,0,1,0,1
1,1,1,1,0,1,5nds9s,0,1,1,1
1,0,1,0,0,0,9fmrj6,0,1,1,0
1,1,0,1,0,1,48fekd,0,1,1,1
1,1,0,1,0,1,iguctn,0,1,0,1
1,1,1,1,0,0,dvmn5q,1,1,1,1
1,1,1,1,1,1,9sjccr,0,1,1,1
1,0,1,0,0,0,82d51w,1,0,1,0
1,1,0,1,0,0,hrzj6z,0,1,0,1
1,1,1,1,0,1,gxo6a2,0,1,1,1
1,1,1,1,0,1,9hhec7,1,1,1,1
1,1,0,1,0,0,nf6xpe,1,1,1,1
1,1,0,1,0,1,era89r,0,1,0,1
1,1,1,1,0,1,d6o5g9,1,1,0,1
1,1,1,1,0,0,7cwwlq,0,1,1,1
1,1,0,1,0,1,451y2r,0,1,1,1
1,1,1,1,1,1,5s78v1,1,1,1,1
1,0,1,0,0,0,itatsz,1,0,1,0
1,1,0,1,0,1,4nu1ay,0,1,1,1
1,1,1,1,1,1,9864b6,1,1,1,1
1,1,1,1,1,1,53db5c,1,1,1,1
1,0,0,0,0,0,akmnkr,0,1,1,1
1,1,1,1,0,0,6y08dl,1,1,1,1
0,1,0,1,0,0,ag44m8,0,1,1,1
1,1,1,1,0,0,mv6zy7,1,1,1,1
1,1,1,0,0,0,6oow43,1,0,1,0
1,1,1,1,0,0,5tjoo3,1,1,1,1
1,1,1,1,1,1,8nr4gx,1,1,1,1
0,1,0,1,0,1,c0554l,0,1,0,1
1,1,1,1,0,0,7aeln4,1,1,1,1
1,1,0,1,0,1,a2wx4k,0,1,1,1
1,1,1,1,0,0,75shjo,0,1,1,1
1,0,1,0,0,0,dthtsm,1,0,1,0
1,1,1,1,0,0,8jfpcd,1,1,1,1
1,1,0,1,0,1,hybghk,1,1,1,1
1,1,1,1,0,0,deosa3,0,1,0,1
1,0,1,0,0,0,afsxul,1,0,1,0
1,1,1,1,0,1,c4d13b,0,1,0,1
1,1,1,1,0,1,429kzf,0,1,1,1
1,0,1,0,0,0,fahx68,1,0,1,0
1,1,0,1,0,0,4ps7j1,0,1,0,1
1,1,0,1,0,1,b6y7x2,1,1,0,1
1,1,1,1,0,0,8ia8z1,1,1,1,1
1,1,0,1,0,0,hcfib6,0,1,0,1
0,1,0,1,0,1,dxr2ie,0,1,0,1
1,1,0,1,0,0,i1fltt,0,1,0,1
1,1,0,0,0,0,ex0a2l,0,0,1,1
1,1,1,1,0,1,eag0ec,1,1,1,1
1,0,1,1,1,1,d4ugg5,1,1,1,1
1,1,0,1,0,1,gruis9,0,1,1,1
1,0,1,0,0,0,97ohrt,1,0,1,0
1,1,1,1,1,1,cxc6d8,1,1,1,1
0,1,0,1,0,1,6vw1lf,0,1,0,1
1,1,0,1,0,0,4kqauf,0,1,1,1
1,1,0,1,0,1,b33l1e,0,1,0,1
1,1,1,1,1,1,618m8v,1,1,1,1
1,1,0,1,0,1,5u2ugl,0,1,0,1
1,1,1,1,0,0,88polj,1,1,1,1
1,1,1,1,0,0,5fptq0,0,1,1,1
1,1,1,1,1,1,5kipve,1,1,1,1
1,1,0,1,0,1,4ah1fm,0,1,0,1
1,1,0,1,0,0,bovcm5,0,1,0,1
1,1,0,1,0,0,bt6est,0,1,0,1
1,1,0,1,0,0,noumb2,1,1,0,1
1,1,1,1,0,1,egktof,0,1,0,1
0,1,0,1,0,1,450pkr,0,1,0,1
1,0,1,0,0,0,8hwhdx,1,0,1,0
1,1,1,1,0,0,evlu50,1,1,1,1
0,1,1,1,0,1,dr49kp,0,1,1,1
0,1,0,1,0,0,fm70le,0,1,0,1
1,1,0,1,0,1,5uaa4g,0,1,0,1
1,1,0,1,0,1,8nvddi,0,1,0,1
1,1,1,1,0,1,8mqyxi,0,1,0,1
1,1,1,1,1,1,4xs2as,1,1,1,1
1,1,1,1,0,0,jvmpih,1,1,1,1
1,1,1,1,1,0,fkjoj4,1,1,1,1
1,1,0,1,0,0,7lwqe8,0,1,0,1
1,1,1,1,0,0,cc4y5u,1,1,1,1
1,1,1,1,1,1,9p7ldm,0,1,1,1
1,1,1,1,0,1,7x23by,1,1,1,1
1,1,0,1,0,0,g9a27p,1,0,1,1
1,1,1,1,1,1,iqsxkr,1,1,1,1
1,1,1,1,0,0,gq60n2,1,1,1,1
1,1,0,1,0,1,auy4s4,0,1,0,1
1,1,1,1,1,1,6dmam9,1,1,1,1
1,1,0,1,0,1,a1k59l,0,1,0,1
1,1,1,1,1,1,chkpwj,1,1,1,1
1,1,0,1,0,0,ngbhie,0,1,0,1
0,1,0,1,0,0,d7mshq,0,1,0,1
1,1,1,1,0,0,g7qpyl,0,1,1,1
1,1,1,1,1,1,6avamr,1,1,1,1
1,1,0,1,0,0,4bkhn6,0,1,1,1
1,1,1,1,0,0,5n2svf,0,1,1,1
1,1,1,1,0,0,bmejod,1,1,0,1
1,0,1,0,0,0,8v7hwl,1,0,1,0
1,1,0,1,0,0,8427cq,0,1,1,1
1,0,1,0,0,0,ecs6or,0,0,1,0
1,1,1,1,0,1,818o6y,1,1,1,1
1,1,1,1,1,0,9dazyi,1,1,1,1
1,1,1,1,1,1,6uwu9x,1,1,1,1
1,1,1,0,0,0,en1o50,1,0,1,0
1,1,1,1,0,1,88tyh4,0,1,1,1
1,1,0,1,0,1,8o7ek5,0,1,1,1
1,1,1,1,0,0,76qp3m,1,1,1,1
1,1,0,1,0,0,dgs33y,0,1,0,1
1,0,1,0,0,0,5qn6bc,0,0,0,0
1,1,0,1,0,1,41n58l,0,1,0,1
1,0,1,0,0,0,7zv4j8,1,0,1,0
0,1,0,1,0,1,44n52b,0,1,1,1
1,1,0,1,0,0,94lym1,1,1,0,1
1,1,0,1,0,1,eahddy,0,1,0,1
1,1,1,1,1,1,5aau23,0,1,1,1
0,1,0,1,0,1,dh3hnc,0,1,0,1
0,1,0,1,0,1,jdm59l,0,1,0,1
1,1,1,1,1,1,ffedjr,1,1,1,1
0,1,0,1,0,1,d9qlya,0,1,0,1
1,1,1,1,0,1,gwz70h,0,1,1,1
1,1,1,1,0,1,7162mv,1,1,1,1
1,1,0,1,0,0,5co8f4,0,1,0,1
1,0,0,0,1,1,ajjbb5,0,0,1,0
1,1,0,1,0,1,7yi7se,0,1,1,1
1,1,1,1,1,1,828mco,1,1,1,1
1,1,0,1,0,1,9070ov,0,1,0,1
1,1,0,1,0,1,44twu8,0,1,0,1
1,0,1,0,0,0,5zrbbk,1,0,1,0
0,1,0,1,0,0,chp5tc,0,1,0,1
0,1,0,1,0,1,4gxyst,0,1,0,1
1,1,1,1,0,0,7bmbor,1,1,1,1
0,1,0,1,0,1,o33s9i,0,1,0,1
1,1,1,1,0,1,76bklp,0,1,1,1
1,1,1,1,1,1,4jrepy,1,1,1,1
1,1,1,1,0,1,anlq4d,0,1,0,1
0,1,0,1,0,0,9mr2da,0,1,1,1
1,1,0,1,0,0,67edvn,0,1,0,1
1,1,1,1,0,1,adteir,1,1,1,1
1,1,1,1,0,0,45icj5,0,1,1,1
1,1,0,1,0,0,9ujxtx,0,1,0,1
1,1,1,1,0,1,48u1j0,1,1,1,1
1,1,0,1,0,1,45zwym,0,1,0,1
1,1,1,1,0,0,8omujr,0,1,1,1
1,0,0,0,0,0,7c0uo1,0,1,1,0
1,1,1,0,0,0,n3rk7d,0,1,1,0
1,0,1,0,0,0,994s2k,1,0,1,0
1,1,1,1,1,1,d3t5sp,1,1,0,0
1,1,1,1,1,1,nwywme,1,1,1,1
1,1,1,1,1,1,fc6j94,1,1,1,1
1,1,0,1,0,1,drquvd,0,1,0,1
0,0,0,0,0,0,7n1rxa,0,0,0,1
1,1,1,1,0,1,3zwb7c,1,1,1,1
1,1,1,0,0,0,e40cys,1,0,1,0
1,0,1,0,0,0,akhm9o,1,0,1,0
1,1,0,1,0,0,6i8yt6,0,1,0,1
1,1,1,1,0,0,j79pgc,1,1,1,1
1,1,0,1,0,0,5wel88,0,1,0,1
1,1,0,1,0,1,bbbuef,0,1,1,1
1,1,0,1,0,1,guoo2r,0,1,0,1
0,1,0,1,0,1,f34gn9,0,1,0,1
1,1,0,1,0,0,cpfm4p,0,1,0,1
1,0,1,0,0,0,imzdxd,1,1,1,0
0,1,0,1,0,1,iay5q6,0,1,0,1
1,0,1,0,0,0,7spxuh,1,0,1,0
1,1,1,1,0,0,ecmc9r,1,1,1,1
1,0,1,1,0,0,icgat0,1,1,1,0
1,1,1,1,1,1,63f2d2,1,1,1,1
1,1,1,1,1,1,5xw0fy,1,1,1,1
0,1,0,1,0,1,9k3v39,0,1,0,1
1,1,1,1,1,1,hu1fov,1,1,1,1
0,1,0,1,0,1,hkn082,0,1,0,1
0,1,0,1,0,1,ekl11g,0,1,0,1
1,1,0,1,0,0,i4dc6p,0,1,1,1
1,1,0,1,0,1,eax44m,0,1,0,1
1,1,1,1,1,1,5114sj,1,1,1,1
1,1,1,1,0,1,4b6usx,0,1,1,1
1,1,1,1,1,1,ff7470,1,1,1,1
1,1,1,1,0,1,ihxcw6,0,1,1,1
1,1,0,1,0,0,clgcp0,0,1,0,1
1,1,0,1,0,0,427c5e,0,1,0,1
1,0,1,1,0,1,oemewf,1,0,1,0
1,1,1,1,1,1,betm83,1,1,1,1
1,1,1,1,1,1,b5yssz,1,1,1,1
1,0,1,1,0,0,haipt8,0,1,1,1
1,1,0,1,0,0,b57gzg,0,1,1,1
1,1,0,1,0,1,447a23,0,1,0,1
1,0,1,0,0,0,5g62ah,1,0,1,0
1,1,1,1,0,1,9soxmy,0,1,1,1
1,1,0,1,0,1,8fpuww,0,1,0,1
1,1,1,1,1,1,61rhw9,1,1,1,1
1,0,1,0,0,0,ixtok9,1,0,1,0
1,1,0,1,0,1,d3hi2d,0,1,1,1
1,1,0,1,0,1,6ic3x7,0,1,0,1
1,1,1,1,1,0,a0kihb,1,1,1,1
1,1,1,0,0,0,hlta5t,1,0,1,0
0,1,0,1,0,1,fdimxd,0,1,0,1
1,1,1,1,0,0,5m5en9,1,1,1,1
1,1,0,1,0,0,ecl8c4,0,1,0,1
1,1,1,1,0,0,egph5f,1,1,1,1
1,1,0,1,0,0,6nt4o4,0,1,0,1
1,1,1,1,0,1,69xxj4,1,1,1,1
1,1,1,1,1,1,dwm8ex,1,1,1,1
0,1,0,1,0,1,9t4fjb,0,1,0,1
1,1,0,1,0,1,d9rnt9,0,1,0,1
1,1,1,1,1,1,amv9pg,1,1,1,1
1,1,0,1,0,1,cpnwbi,0,1,0,1
1,0,1,0,0,0,6udybs,1,0,1,0
0,1,0,1,0,1,eevfsv,0,1,0,1
1,1,1,1,1,1,9p04dz,1,1,1,1
1,1,1,1,0,1,b7y0df,0,1,1,1
1,1,1,1,1,1,nmjt2k,1,1,1,1
1,1,1,1,0,0,njkend,1,1,1,1
1,1,1,1,0,0,dd4tss,0,1,1,1
1,1,1,1,0,1,5iyqui,1,1,1,1
1,1,1,1,0,0,axupfe,0,1,0,1
1,0,0,0,0,0,ey7ili,0,0,1,0
1,1,1,1,0,0,hjtwdo,1,0,1,1
1,1,0,1,0,1,4si2va,0,1,1,1
1,1,1,1,0,0,46879h,1,1,1,1
1,1,1,1,0,0,dotoyq,0,1,1,1
0,1,0,1,0,1,chx2oh,0,1,0,1
1,1,0,1,0,1,aa3h66,0,1,1,1
1,1,1,1,0,0,fr0ssr,0,1,1,1
1,1,1,1,0,1,bqb2w3,0,1,1,1
1,1,1,1,1,1,cwj19m,1,1,1,1
1,1,0,1,0,1,dxzcsm,0,1,1,1
1,1,1,1,1,1,c77kbg,1,1,1,1
1,1,0,1,0,1,dufhrh,0,1,0,1
1,1,0,1,0,0,9z1vb7,0,1,0,1
1,1,1,1,1,1,hkvlqr,1,1,1,1
1,1,0,1,0,1,exed9y,0,1,1,1
1,1,1,1,1,1,b9j27a,1,1,1,1
1,1,1,1,0,0,7a12es,1,0,1,1
1,1,1,1,0,1,4qlq1w,1,1,1,1
1,0,1,0,0,0,fbhbzz,1,0,1,0
0,1,0,1,0,1,dcn81r,0,1,0,1
1,1,1,1,1,1,aua6xg,1,1,1,1
1,1,1,1,0,0,bkbhu4,1,1,1,1
0,1,0,1,0,1,bsaec3,0,1,0,1
0,1,0,1,0,0,9y1srp,0,1,0,1
1,1,1,1,0,0,dn40xx,1,1,1,1
1,0,1,0,0,0,d1t4tz,1,0,1,0
1,1,1,1,1,1,aesbnw,1,1,1,1
1,1,1,1,0,0,buiq5b,1,1,1,1
1,1,0,1,0,0,dd4ge1,0,1,0,1
0,1,1,1,0,0,f45z9e,0,1,0,1
1,1,1,0,0,0,7of05d,1,1,1,0
1,1,0,1,0,0,gjhdxo,0,1,0,1
0,1,0,1,0,1,7tvibk,0,1,0,1
1,1,0,1,0,1,n3rldx,0,1,0,1
1,1,1,1,0,0,a2wjm3,1,1,1,1
1,1,1,1,0,0,np0ga7,1,0,1,1
1,1,1,0,0,0,8h2244,1,1,1,0
1,0,1,0,0,0,biy1ay,1,0,1,0
1,1,0,1,0,1,ae2xog,0,1,0,1
1,1,0,1,0,1,dpjvhq,0,1,0,1
1,1,1,1,1,1,i0ezzy,1,1,1,1
1,1,1,1,0,0,i0etmt,1,1,1,1
1,1,1,1,0,0,fcc31a,1,1,1,1
0,1,0,1,0,1,aqa9r4,0,1,0,1
0,1,0,1,0,1,f5wq31,0,1,0,1
1,1,0,1,0,0,e50dy2,0,1,0,1
1,1,1,1,1,1,e2jt1o,1,1,1,1
1,1,1,1,0,0,e2iljy,1,1,1,1
1,1,0,1,0,1,ann9j5,1,1,0,1
1,1,1,1,0,1,f6ckv4,1,1,1,1
1,0,1,1,1,1,ei3pw1,1,1,1,1
1,1,1,1,0,0,a47es1,1,1,1,1
1,1,0,1,0,0,gczddo,0,1,0,1
1,1,0,1,0,0,aw4lr1,0,1,0,1
1,1,0,1,0,1,7rlqz7,0,1,0,1
0,1,0,0,0,0,i768on,0,1,0,1
1,1,1,1,0,0,fv0csi,1,1,1,1
1,1,1,1,0,1,aoy296,0,1,0,1
1,1,1,1,0,0,fmossm,0,1,1,1
1,1,0,1,0,1,kvixew,0,1,0,1
1,1,1,1,0,0,e25f9g,1,1,1,1
1,1,1,1,1,1,giqlth,0,1,1,1
1,1,1,1,0,0,by0419,0,1,1,1
1,1,1,1,1,1,4nanf0,0,1,1,1
1,1,1,1,0,0,fwog3u,1,1,1,1
1,1,0,1,0,0,j28owi,1,1,0,1
1,1,1,1,1,1,cad9v8,1,1,1,1
1,1,1,1,0,0,bivx2i,1,1,1,1
1,1,0,1,0,1,f8374s,0,1,0,1
1,1,1,1,0,0,cagc0s,1,1,1,1
1,1,1,1,0,0,gj23xg,1,1,1,1
1,1,1,1,0,1,ichir9,0,1,1,1
1,1,1,1,1,1,iimdhw,1,1,1,1
1,1,0,1,0,0,5wlfzz,1,1,1,1
1,1,1,1,1,1,8ptgvn,1,1,1,1
1,1,1,1,1,1,41mwbz,1,1,1,1
1,1,0,1,0,0,6cevk3,0,1,0,1
0,1,0,1,0,0,ipvdas,0,1,0,1
1,1,0,1,0,0,9uh3ah,0,1,1,1
1,1,1,1,0,0,buy1qo,1,1,1,1
1,0,0,1,0,0,fivnq1,0,0,0,1
1,1,0,1,0,1,a3af4u,0,1,0,1
1,1,1,0,0,0,dtq9um,1,0,1,0
1,1,0,1,0,0,kat82n,1,1,1,1
0,1,0,1,0,0,5sqmwr,0,1,1,1
1,1,1,1,0,0,aqxgzr,0,1,1,1
1,1,1,1,0,1,ckgy2j,1,1,1,1
1,1,0,1,0,0,g8l59g,0,1,1,1
1,1,0,1,0,0,c5x6vr,0,1,0,1
1,1,0,1,0,0,90d4sz,1,1,1,1
1,1,1,1,0,0,hadz9o,0,1,1,1
1,1,0,1,0,0,h7hwki,0,1,0,1
1,1,1,1,0,0,9skxl9,1,1,1,1
1,1,1,1,0,0,622z66,0,1,1,1
1,1,0,1,0,0,6awc5r,0,1,1,1
1,1,0,1,0,1,ci5t4j,0,1,0,1
1,1,0,1,0,0,fr5qwb,0,1,1,1
0,1,0,1,0,0,cg763x,1,1,0,1
0,1,0,1,0,1,abgk30,0,1,1,1
1,1,1,1,0,0,4g2zra,1,1,1,1
1,1,1,1,0,0,4ztx6c,1,1,1,1
1,1,0,1,0,0,okg1tx,1,1,0,1
1,1,0,1,0,0,5e7134,0,1,0,1
1,1,0,1,0,0,bnqdaf,0,1,0,1
1,1,1,1,0,1,amscvy,1,1,1,1
0,1,0,1,0,1,9443um,0,1,0,1
1,1,0,1,0,1,8ghfy9,1,1,1,1
1,1,1,1,0,0,coe2xr,1,1,0,1
1,1,1,1,0,0,4lxo62,1,1,1,1
1,1,0,1,0,0,abrri8,0,1,0,1
0,1,0,1,0,1,7wioc3,0,1,0,1
1,1,0,1,0,0,9wt1hj,0,1,1,1
0,1,0,1,0,0,chqabf,0,1,0,1
1,1,0,1,0,0,cefw98,0,1,1,1
1,1,1,1,0,0,9ykv6e,1,1,1,1
1,1,1,1,0,0,irhs9o,1,1,1,1
1,1,1,1,0,1,bwlyyk,0,1,1,1
1,1,0,1,0,0,5z1t3k,0,1,1,1
0,1,0,1,0,1,gv86ch,0,1,0,1
1,1,0,1,0,1,402127,0,1,0,1
1,1,1,1,1,1,84pv6h,1,1,1,1
1,1,1,1,0,1,gcvyix,1,1,1,1
1,1,0,1,0,1,43j39k,0,1,0,1
1,1,0,1,0,1,6w33ln,0,1,0,1
1,1,1,0,1,0,85m1kj,1,0,1,0
1,1,1,1,0,1,42p9n5,0,1,1,1
1,1,0,1,0,0,4bulff,0,1,1,1
1,1,1,1,1,1,e73htr,1,1,1,1
1,1,1,1,1,0,dhetat,1,1,1,1
1,1,0,1,0,0,98qmy3,0,1,0,1
0,1,0,1,0,1,90qzgi,0,1,0,1
1,1,1,1,1,1,goe3ex,1,1,1,1
1,0,1,0,0,0,6bjm7i,1,0,1,0
1,1,0,1,0,0,7tih7i,0,1,0,1
0,1,0,1,0,0,eetw88,0,1,0,1
0,1,0,1,0,0,f453yc,0,1,0,1
1,1,1,1,0,1,o45dn3,1,1,1,1
1,1,1,1,1,1,cc5pc9,1,1,1,1
1,1,1,1,0,0,dpg29l,1,1,1,1
1,1,1,1,0,0,7ei4y5,1,1,1,1
1,1,1,1,1,1,9vuzvi,1,1,1,1
1,1,1,1,0,0,a1x1vq,1,1,1,1
1,1,1,1,1,1,bx4xig,1,1,1,1
1,1,0,1,0,0,9ko1w4,0,1,0,1
1,1,1,1,0,0,d74q67,1,1,1,1
1,0,1,0,0,0,dwu4ft,1,0,1,0
1,1,1,1,1,1,ep1uh8,1,1,1,1
1,1,1,1,0,0,7vfxkd,0,1,1,1
1,1,1,1,0,0,8eiaka,0,1,1,1
1,1,0,1,0,1,celus0,0,1,0,1
0,1,0,1,0,0,c1igyw,1,1,0,1
1,1,1,1,0,1,ctskjp,1,1,1,1
1,0,1,1,0,0,dienn6,1,0,1,0
1,1,1,1,0,1,j10vlt,1,1,1,1
0,1,1,1,0,0,atc2mt,1,1,1,1
1,1,1,1,0,0,gonj9l,1,1,1,1
1,1,0,1,0,1,58kiv9,0,1,0,1
1,1,0,1,0,1,gvf24d,0,1,0,1
1,1,1,1,0,0,e9jafx,1,1,1,1
1,1,0,1,0,1,gqso9x,0,1,0,1
1,1,0,1,0,1,cfutwj,0,1,0,1
0,1,0,1,0,1,7nflrg,0,1,1,1
1,1,0,1,0,0,f05bcq,1,0,0,1
1,1,1,1,0,0,ii9v8l,1,1,1,1
1,1,1,1,0,1,f3gavi,1,1,1,1
1,1,0,1,0,1,e4he0w,0,1,1,1
1,1,0,1,0,1,j74fdq,0,1,0,1
0,1,0,1,0,1,eqsnhl,0,1,0,1
0,1,0,1,0,0,a6atoo,0,1,0,1
1,1,0,1,0,0,cg4537,1,1,0,1
0,1,0,1,0,1,8vvl28,0,1,0,1
1,1,0,1,0,0,f4l4yq,0,1,0,1
1,0,1,1,0,0,hcnl5p,1,1,1,1
1,1,1,1,0,0,j32475,1,1,1,1
1,1,1,1,1,1,dviafo,1,1,1,1
1,1,1,0,0,0,kz316m,0,1,1,1
1,1,1,1,0,0,bjnoyw,0,1,1,1
1,1,1,1,0,0,d16wbt,1,1,1,1
1,1,0,1,0,0,fth3ot,0,1,0,1
1,1,1,1,0,0,glwqfi,1,1,1,1
1,0,1,0,0,0,91jb7a,1,0,1,0
1,1,1,0,0,0,ogcqte,1,0,1,0
1,1,0,1,0,1,glubyv,0,1,0,1
1,1,1,1,0,0,byiwuc,0,1,0,1
1,1,1,1,1,1,hayvu5,1,1,1,1
1,1,1,1,0,0,alykrp,1,1,1,1
1,1,1,1,0,0,ctjmwz,0,1,1,1
1,1,1,1,1,1,gzi7rc,1,1,1,1
0,1,0,1,0,1,cywqdi,0,1,0,1
0,1,0,1,0,1,8ue18w,0,1,0,1
1,1,0,1,0,1,8ihkp8,0,1,1,1
1,1,1,1,0,1,deh5th,1,1,1,1
1,1,1,1,0,0,flcqc2,1,1,1,1
1,0,1,0,0,0,9d0m8f,1,0,1,0
1,1,1,1,1,1,edln5y,1,0,1,1
1,1,0,1,0,1,np7l5h,0,1,0,1
1,1,1,1,0,1,b8s3xt,0,1,0,1
0,1,0,1,0,1,avezmn,0,1,0,1
0,1,0,1,0,1,fp198d,0,1,0,1
1,1,1,1,0,0,ih9h5z,1,1,1,1
1,1,1,1,0,1,e1iden,1,1,1,1
0,1,0,1,0,1,7niep6,0,1,1,1
1,0,1,0,0,0,oh78y1,1,0,1,0
1,0,0,0,0,0,aw3cj3,0,0,0,0
0,1,0,1,0,1,mzb7tl,0,1,0,1
1,1,1,1,1,1,866tc9,1,1,1,1
1,1,1,1,0,0,a70pr5,0,1,1,1
1,1,1,1,0,0,5olkan,0,1,0,1
1,1,1,1,0,1,90t6gi,0,1,1,1
1,0,1,0,0,0,hutr8o,1,0,1,0
1,1,1,1,1,1,bjly6y,1,1,1,1
0,1,0,1,0,1,4dexax,0,1,0,1
1,1,1,1,0,0,esm95r,1,1,1,1
1,1,1,1,1,1,5f4zzn,1,1,1,1
1,1,1,1,1,1,bivg7n,1,1,1,1
1,1,1,1,1,1,9i9wk9,1,1,1,1
1,1,1,1,1,1,91y5a7,1,1,1,1
1,1,1,1,0,0,9ytrz3,0,1,0,1
1,1,1,1,1,1,5l1usy,1,1,1,1
1,1,1,1,0,0,4ckdz4,0,1,1,1
1,1,1,1,1,1,5ogpvy,1,1,1,1
1,1,0,1,0,0,g4fewq,0,1,0,1
1,1,0,1,0,0,g5oaau,0,1,0,1
1,1,0,1,0,0,d4nbsl,0,1,0,1
0,1,0,1,0,0,4ofdno,0,1,0,1
1,1,0,1,0,0,7jm30m,1,1,0,1
1,1,1,1,0,0,4wkrf8,1,1,1,1
1,1,0,1,0,0,dfwtgv,0,1,0,1
1,1,1,1,0,1,emicaf,1,1,1,1
0,1,0,1,0,0,644l2d,0,1,0,1
1,1,0,1,0,0,frk9nh,0,1,0,1
1,1,1,1,1,1,bx73fz,1,1,1,1
1,1,0,1,0,0,7un50s,0,1,1,1
1,1,1,0,0,0,eofohe,1,1,1,1
1,1,0,1,0,0,esraqz,0,1,0,1
1,1,1,1,1,1,dh4spb,0,1,1,1
0,1,0,1,0,1,8mm7b9,0,1,0,1
1,1,1,1,1,1,aewlnx,1,1,1,1
0,1,0,1,0,1,4fd6f2,0,1,1,1
1,1,1,1,1,1,4blh7k,1,1,1,1
1,1,1,1,0,0,hv0g7g,1,1,1,1
1,1,1,1,0,1,8xa7cn,1,1,1,1
1,1,0,1,0,0,5egcbr,0,1,0,1
1,1,1,1,1,1,hyhwnj,1,1,1,1
1,1,0,1,0,0,99xsx2,0,1,0,1
1,1,0,1,0,0,g6a94g,0,1,0,1
1,1,1,1,1,1,9ws78s,1,1,1,1
1,1,0,1,0,1,ez1iz9,0,1,0,1
1,1,0,1,0,0,5p984j,0,1,1,1
1,1,1,1,0,0,40r1cc,1,1,1,1
1,1,0,1,0,1,48ydhv,1,1,1,1
1,1,1,1,0,1,c87f5o,0,1,1,1
0,1,0,1,0,1,emqm4v,0,1,0,1
1,1,1,1,0,1,aq1ryu,1,1,1,1
1,1,1,1,0,0,amflb8,1,1,1,1
1,0,1,1,0,0,5mcnpm,0,0,1,1
0,1,0,1,0,0,crh7ko,0,1,0,1
1,1,1,1,0,1,4iq19i,0,1,1,1
1,1,0,1,0,0,f7hjpv,0,1,0,1
1,1,0,1,0,0,4vtv73,0,1,0,1
1,1,0,1,0,0,hqp4q1,0,1,0,1
1,1,1,1,0,1,6fvz6s,1,1,1,1
1,1,1,1,0,1,8lbb9k,1,1,1,1
1,1,1,1,0,0,939xc0,0,1,1,1
1,1,0,1,0,0,cb1uoa,0,1,0,1
1,1,1,1,0,0,g6fbtv,0,1,1,1
1,1,1,1,0,0,lb6k30,1,1,1,1
0,1,0,1,0,1,65e80k,0,1,0,1
0,1,0,1,0,0,7719rv,0,1,0,1
1,1,1,1,0,1,e682xd,0,1,1,1
1,1,0,1,0,0,7ki495,1,0,0,1
1,1,0,1,0,0,4t2qvu,0,1,0,1
1,1,0,1,0,0,4nwzhf,0,1,1,1
1,1,1,1,1,1,bjl70u,1,1,1,1
0,1,0,1,0,1,aoyams,0,1,0,1
1,1,0,0,0,0,eewa0z,0,1,0,1
0,1,0,1,0,0,arj4j7,0,1,0,1
1,1,0,1,0,0,fzk6pa,0,1,1,1
1,1,1,1,1,1,9lvw94,1,1,1,1
1,1,1,1,0,1,4x88k2,0,1,1,1
1,1,1,1,0,0,fkd64h,1,1,1,1
1,1,1,0,0,0,7ztytl,1,1,1,0
1,0,1,0,0,0,j8vqyy,1,0,1,0
1,1,1,1,0,0,4ttl0x,0,1,1,1
0,1,0,1,0,1,48irw5,0,0,0,1
1,1,1,1,1,1,i97t6z,1,1,1,1
1,1,1,1,1,1,aaknc9,0,1,1,1
1,0,1,0,0,0,m2bw3t,1,0,1,0
1,0,1,1,0,0,7qfwr0,1,0,1,1
1,1,1,1,0,0,58gvcn,1,0,1,0
1,1,0,1,0,0,650oap,0,1,0,1
1,1,0,1,0,0,4veodd,0,0,1,0
1,0,1,0,0,0,7x3zh9,1,0,1,0
1,1,1,0,0,0,cio3uf,0,1,1,0
1,0,1,0,0,0,bed0bh,1,0,1,0
1,1,0,0,0,0,g4e576,1,1,0,0
0,1,0,0,0,0,id3oxs,0,1,0,1
1,1,0,1,0,0,gj9r1u,1,1,1,1
1,1,1,1,0,0,5slchv,1,1,1,1
1,1,1,1,0,1,gaqj77,0,1,1,1
0,1,0,1,0,1,a9c0lv,0,1,0,1
1,1,1,1,0,0,g745m6,0,1,1,1
0,0,0,0,0,0,alti5j,0,0,1,0
1,0,1,0,0,0,faplrc,0,0,1,0
0,1,0,1,0,1,eufhls,0,1,0,1
0,1,0,1,0,0,8o7z3f,0,0,0,1
1,1,1,1,0,0,9gjm49,1,0,1,1
1,1,1,1,0,0,91z5gn,1,1,1,1
1,1,0,0,0,0,du6hol,0,0,1,0
1,1,1,1,0,1,6jbkth,1,1,1,1
1,1,0,1,0,0,4prwjr,1,1,1,1
0,1,0,1,0,1,i9ni2o,0,1,0,1
1,0,1,0,0,0,7c8adi,1,0,1,0
1,0,1,1,0,0,ontgfu,0,0,0,1
1,1,1,1,0,0,e46ds6,0,0,1,1
1,1,0,0,0,0,atiiaw,0,1,0,1
1,1,1,1,1,1,i9yrvw,1,1,1,1
1,1,0,1,0,1,7o3vo0,0,1,0,1
1,1,0,1,0,1,9i8x1t,0,1,1,1
0,1,0,1,0,1,dsf9gz,0,1,0,1
0,1,0,1,0,1,7p98jn,0,1,1,1
1,1,1,1,0,1,6u7fvt,1,1,1,1
1,1,1,1,1,1,bjfvgs,1,1,1,1
1,1,1,1,0,1,fonp20,1,1,1,1
0,1,0,1,0,1,hv31ts,0,1,0,1
1,1,1,1,0,1,bkj1dv,0,1,1,1
1,1,0,1,0,0,54ekdj,1,1,1,1
1,1,1,1,0,0,ji81o1,0,1,1,1
1,1,1,0,0,0,jxn393,1,1,1,0
0,1,0,1,0,0,8n18vv,0,1,0,1
1,1,0,1,0,0,5804ir,0,1,0,1
1,1,0,1,0,0,em3fnq,0,1,1,1
0,1,0,1,0,0,fvoc7t,0,1,0,1
1,1,1,1,0,0,7mxgyj,1,1,1,1
1,1,0,0,0,0,6f6r32,1,1,1,1
1,0,1,0,0,0,f7kx54,1,0,1,0
1,1,1,1,0,0,f5h3ya,1,0,1,1
1,1,1,1,0,0,ivj8es,1,1,1,1
1,1,1,1,0,0,9fqc84,1,1,1,1
0,1,0,1,0,1,94wiwa,0,1,0,1
0,1,0,1,0,0,8v6lng,0,1,0,1
1,1,1,1,1,1,ejks7d,1,1,1,1
1,1,0,1,0,0,91raiy,1,1,0,1
1,1,1,1,0,0,ec6lfu,1,1,1,1
0,1,0,1,0,1,d29ezg,1,1,1,1
1,1,1,1,0,1,ddovo3,1,1,1,1
0,1,0,1,0,0,buziwc,0,1,0,1
0,1,0,1,0,1,lxtw2g,0,1,0,1
0,1,0,1,0,1,icm99n,0,1,1,1
1,1,1,1,1,1,h00j1y,1,1,1,1
1,1,0,1,0,0,a077zx,0,1,1,1
0,1,0,1,0,1,7lkyxt,0,1,0,1
1,1,1,0,0,0,bbzmbd,0,1,1,1
1,1,1,1,0,0,6w39g4,1,1,1,1
1,1,1,1,0,0,8b980a,1,1,1,1
1,1,1,1,1,1,9ze2zf,1,1,1,1
1,1,1,1,0,0,nzf4bx,1,1,1,1
1,0,1,0,0,0,8jkk8b,1,0,1,0
1,1,1,1,0,0,4bpouf,1,1,1,1
1,1,1,0,0,0,faiehr,1,0,1,0
1,1,0,1,0,0,45kvt9,1,1,0,1
1,1,0,1,0,1,b1s26g,0,1,0,1
1,1,1,1,0,0,7z5ky2,1,1,1,1
1,1,0,1,0,1,aj7ktf,0,1,0,1
1,1,1,1,0,0,i8fvlg,1,1,1,1
1,1,1,1,0,1,6s3kwm,1,1,1,1
1,1,1,1,1,1,dkxu0b,1,1,1,1
1,0,1,0,0,0,hvn5on,1,0,1,0
1,1,1,1,1,1,669avy,1,1,1,1
1,1,0,1,0,0,6jyiep,1,1,0,1
1,1,1,1,0,0,bas4sw,1,0,1,1
1,1,0,0,0,0,ghe7hl,0,1,0,1
1,1,0,1,0,0,85mai2,0,1,0,1
1,1,1,1,1,1,9nfqs4,1,1,1,1
0,1,0,1,0,0,66475j,0,1,0,1
1,1,1,1,0,0,dgzcnb,1,1,1,1
1,1,1,1,0,0,arwaxu,1,1,1,1
1,1,0,1,0,0,ln6b77,0,1,0,1
1,0,1,1,0,0,cedssk,0,0,1,1
0,1,0,1,0,0,6ps78d,0,1,0,1
1,1,0,1,0,1,7m4m6j,0,1,0,1
0,0,0,0,0,0,djbq0r,0,0,0,0
1,1,1,1,0,0,dsevi5,1,1,1,1
1,1,1,1,0,0,ez2hmb,1,1,1,1
1,1,1,1,0,0,82biki,1,1,1,1
1,1,0,1,0,0,g5idb6,0,1,1,1
0,1,0,1,0,0,5ri3n8,0,0,0,1
1,1,1,1,0,1,6zjras,1,1,1,1
1,1,0,1,0,0,eg2qt3,0,1,0,1
1,1,1,1,0,0,l0ut9b,1,1,1,1
0,1,0,1,0,0,5k1pxu,0,1,0,1
1,1,0,1,0,0,ejcjsh,0,1,0,1
1,1,1,1,0,0,9yly32,1,1,1,1
1,1,1,1,1,1,73gt2x,1,1,1,1
1,1,1,1,1,0,anipqq,1,1,1,1
1,1,1,1,0,0,501rkr,1,1,1,1
1,1,1,1,0,1,er0kah,1,1,1,1
1,1,1,1,1,1,fxw01e,1,1,1,1
1,1,1,1,0,0,76znle,0,1,1,0
1,1,0,1,0,0,5yayvi,0,1,0,1
1,1,1,1,0,0,4jppos,1,1,1,1
1,1,0,1,0,1,7i7kze,0,1,0,1
0,1,0,1,0,0,ehtd3c,0,1,0,1
1,0,1,0,0,0,nn34eu,1,0,1,1
1,1,1,1,0,0,nqz5pu,1,1,1,1
1,1,1,1,1,1,7xyzvw,1,1,1,1
1,1,1,1,0,0,7nrs6d,0,0,1,0
1,1,0,0,0,0,4shda4,0,1,1,1
0,1,0,1,0,0,ns8uo7,0,1,0,1
1,1,0,0,0,0,b169ew,1,1,1,1
1,1,1,1,1,1,a7jcwi,1,1,1,1
1,0,1,0,0,0,fmh2vy,1,0,1,0
1,1,0,1,0,1,59nm3k,0,1,0,1
1,1,1,1,0,1,9h89u0,1,1,1,1
1,1,1,1,1,0,5uvu4g,1,1,1,1
1,1,1,0,0,0,5u3vyt,1,0,1,0
1,1,1,1,0,0,ngpoty,1,1,1,1
1,1,1,1,1,1,8drpgm,0,1,1,1
1,1,1,1,0,1,5ouop2,1,1,1,1
1,1,1,1,1,1,b7eks5,1,1,1,1
1,1,1,1,0,1,9umhqe,0,1,1,1
1,0,1,1,1,0,63txu1,1,0,1,1
1,1,0,1,0,1,aqj9xw,0,1,0,1
1,1,1,1,0,1,ec1ivg,1,1,1,1
1,1,1,1,0,1,5xrjkd,1,1,1,1
0,1,0,1,0,1,7rbnix,0,1,0,1
1,1,0,1,0,0,7irndb,0,1,0,1
1,1,1,1,1,0,hnks34,1,1,1,1
1,1,1,1,1,0,h9owcv,1,1,1,1
0,1,0,1,0,1,8j1qjv,0,1,0,1
1,1,1,1,0,0,gqnbk8,0,1,1,1
1,1,0,1,0,0,e0v2rj,1,1,0,1
1,0,1,0,1,0,jcb1zy,1,0,1,0
1,1,1,1,0,0,fujouc,1,1,1,1
0,1,0,1,0,1,i8nxrg,0,1,0,1
1,1,0,1,0,0,4vlh5i,0,0,0,0
1,1,0,1,0,0,bksbop,0,1,1,1
1,1,0,1,0,1,4o9ajy,0,1,0,1
1,1,0,1,0,1,6f8er3,0,1,0,1
1,0,0,0,0,0,flggo3,0,0,1,0
0,1,0,1,0,1,a0wyue,0,1,1,1
1,1,1,1,0,0,fjwsio,0,1,1,1
0,1,0,1,0,0,c13v52,0,1,1,0
1,1,1,1,1,1,8r34u3,1,1,1,1
1,1,1,1,1,0,847vld,1,1,1,1
0,1,0,1,0,1,a7rmov,0,1,0,1
1,1,1,1,1,1,gxjw23,1,1,1,1
1,1,0,1,0,1,fed896,0,1,0,1
1,1,1,1,0,0,mx9cab,1,1,1,1
1,1,1,0,0,0,bejzlc,1,0,1,0
1,1,0,1,0,0,gksla5,0,1,0,1
0,1,0,1,0,1,am25xf,0,1,0,1
1,1,0,1,0,1,dho241,0,1,0,1
1,1,1,1,0,1,gqdaxp,1,1,1,1
0,1,0,1,0,1,51t4aq,0,1,0,1
0,1,0,1,0,0,djszmh,0,1,0,1
1,1,0,1,0,0,g6jqwl,0,1,0,1
1,1,1,1,0,0,5mx78n,1,1,1,1
1,1,0,0,0,0,4osg1x,1,1,1,1
1,0,1,0,0,0,dthqyt,1,0,1,0
0,1,0,1,0,1,d5p2si,0,1,0,1
1,1,1,1,1,1,fjgh1u,1,1,1,1
1,1,1,1,0,0,7ma5p6,1,1,1,1
1,1,0,1,0,1,4801wr,0,1,0,1
1,1,1,0,1,0,k1sh28,1,1,1,0
1,1,1,1,1,1,7gf0yo,1,1,1,1
1,1,1,1,1,1,6c13ag,1,1,1,1
1,1,1,1,0,0,83yalk,0,1,1,1
1,1,1,1,1,1,6gunjv,1,1,1,1
1,1,0,1,0,0,5wkqjv,1,1,1,1
1,1,1,1,0,0,binr48,1,1,1,1
1,1,1,1,0,0,5qxwqm,0,1,0,1
1,0,1,0,1,0,o14die,1,0,1,0
0,1,0,1,0,1,9fhk16,0,1,0,1
1,1,1,1,0,1,5qrlwl,1,0,1,1
1,1,1,1,0,0,5nonw6,1,0,1,1
1,0,1,0,0,0,8zay51,1,0,1,0
1,1,1,1,0,1,dvk9p9,1,1,1,1
1,1,0,1,0,0,fs8pvo,0,1,0,1
1,1,1,1,1,1,9w2szz,1,1,1,1
1,1,0,1,0,1,4ed3mb,0,1,0,1
1,1,1,1,0,0,hahqy2,0,1,1,1
0,1,0,1,0,1,98f3c6,0,1,0,1
1,1,1,1,1,1,cnpwhb,1,1,1,1
1,1,0,1,0,0,4hqiil,0,1,1,1
1,1,1,1,0,0,ar9mwl,1,1,1,1
1,1,0,1,0,0,e4qw91,0,1,0,1
1,1,0,1,0,0,72qhuf,1,1,0,1
1,1,0,1,0,0,ab615y,0,1,1,1
1,1,0,1,0,0,di7uih,1,1,0,1
1,1,1,1,0,0,e6b5a1,1,1,1,1
0,0,0,0,0,0,cw0jfk,0,0,0,0
1,1,0,1,0,0,byz3om,0,1,0,1
1,1,1,1,1,0,omfyvj,1,1,1,1
1,1,0,1,0,0,9cdky2,0,1,0,1
1,1,1,1,0,0,dq3n81,1,1,1,1
1,1,1,1,1,1,e5aqyr,1,1,1,1
1,1,1,1,0,0,e5ewo5,1,1,1,1
1,1,0,1,0,0,fkg8i2,0,1,1,1
1,1,1,1,0,0,5nhulz,0,1,1,1
0,0,0,0,0,0,byf4it,0,0,0,1
1,1,0,1,0,0,4np103,0,1,0,1
1,0,0,0,0,0,n14yab,1,0,0,1
1,1,1,1,0,0,4m05pu,0,1,0,1
1,1,0,1,0,0,4focv2,1,1,0,1
1,1,1,1,0,0,9q3016,1,1,1,1
1,1,0,1,0,1,5q5np1,0,1,0,1
1,1,1,1,0,1,63ut60,0,1,1,1
1,1,1,1,0,1,ehh4g4,1,1,1,1
1,1,1,1,1,1,7iaou3,1,1,1,1
1,1,1,1,0,0,7iar6l,1,1,1,1
0,1,0,1,0,0,hpyfql,0,1,0,1
1,1,0,1,0,1,frfce6,0,1,0,1
1,1,0,1,0,1,4p8uop,0,1,0,1
0,1,0,1,0,0,jx6auv,0,1,0,1
1,1,1,1,0,0,jjh375,0,1,1,1
1,1,1,1,0,0,63397z,0,1,0,1
1,1,0,1,0,1,hn8xbf,1,1,1,1
1,0,1,0,0,0,gfjf9o,1,0,1,0
0,1,0,1,0,1,85ujz8,0,1,0,1
1,1,1,1,0,0,87zmq8,1,1,1,1
0,1,0,1,0,0,5c5zcl,0,1,1,1
1,0,1,0,0,0,fvbp08,0,0,1,0
1,1,1,1,0,0,eemae5,1,1,1,1
0,1,0,1,0,1,8rk3x6,0,1,0,1
1,1,1,0,1,1,8tyqx8,1,1,1,1
0,1,0,1,0,0,crdyny,0,1,0,1
1,1,1,1,1,1,da9bl0,1,1,1,1
0,1,0,1,0,1,50ws18,0,1,0,1
0,1,0,1,0,0,9p5zp2,0,1,0,1
1,1,1,1,0,0,7ep6hq,0,1,1,1
1,1,1,1,0,0,68z5jg,0,1,1,1
1,1,1,1,0,0,efco4s,0,1,1,1
1,1,1,1,0,1,4017zq,1,1,1,1
1,1,1,1,0,0,971haf,1,1,1,1
1,1,1,1,1,1,925auv,1,1,1,1
1,0,1,1,0,0,hmorl9,1,0,1,1
1,1,1,1,0,0,ewbwky,1,1,1,1
1,1,1,1,1,1,5hm5aj,1,1,1,1
1,0,1,0,0,0,a1vwok,0,0,1,0
1,1,1,1,0,1,dyvkx3,0,1,1,1
1,1,1,1,0,0,draug3,1,1,1,1
1,1,0,1,0,1,bphadr,0,1,1,1
1,1,1,1,0,1,bb3pdw,0,1,0,1
1,1,0,1,0,1,43ani4,0,1,0,1
0,1,0,1,0,1,dj4szz,0,1,0,1
1,1,1,1,0,1,bqxuza,1,1,1,1
0,0,0,0,0,0,g8p4c3,0,0,0,0
1,1,1,1,0,0,ev2rxs,1,1,1,1
1,1,1,1,1,0,7r90ow,1,1,1,1
1,1,1,1,0,0,9yopi6,0,1,1,1
0,1,0,1,0,0,9x6x0u,0,1,0,1
1,1,1,1,0,0,931job,0,1,1,1
1,1,1,0,1,0,avk7l3,1,1,1,1
1,1,1,1,1,1,b3bchg,0,1,1,1
1,1,1,1,0,1,cpcdim,0,1,1,1
0,1,0,1,0,1,4n9g7y,0,1,1,1
1,1,1,1,0,0,50lvv6,1,1,1,1
1,1,1,0,0,0,7q5aag,1,0,1,0
1,1,1,0,0,0,7q5lzq,1,0,1,0
1,1,1,1,1,1,5tc5io,1,1,1,1
1,1,1,1,0,0,fdcy3x,1,1,1,1
0,1,0,1,0,1,7m5wic,0,1,0,1
0,1,1,1,0,1,7t3p5t,0,1,0,1
1,1,0,1,0,1,62u5g5,0,1,0,1
1,1,0,1,0,1,44iaj4,0,1,1,1
0,1,0,1,0,1,b6r7d9,0,1,0,1
1,1,1,1,1,1,fzm7vk,1,1,1,1
1,1,1,1,1,1,ic8933,1,1,1,1
1,0,1,0,1,0,elkfge,1,0,1,0
1,1,1,1,0,0,epxczp,1,1,1,1
1,1,1,1,0,0,7e5gqk,1,0,1,1
1,1,1,1,0,0,7h7j26,0,1,1,1
1,1,1,1,1,1,b1c638,1,1,1,1
1,1,1,1,1,1,cyx1sz,1,1,1,1
0,0,0,0,0,0,co6lc4,0,0,0,0
1,1,0,1,0,1,5fw30i,0,1,0,1
1,1,1,1,1,1,94eg7b,1,1,1,1
0,1,0,1,0,1,c312a4,0,1,0,1
1,1,1,1,0,1,ckmtcs,0,1,1,1
1,1,1,0,1,0,8q2wi5,1,1,1,0
1,1,1,1,0,1,dfzq8g,1,1,1,1
1,1,0,1,0,1,6w6eib,0,1,0,1
1,1,1,1,0,0,ib2l3e,0,1,1,1
1,1,0,1,0,1,6csmw5,0,1,0,1
1,1,1,1,0,0,3zudje,1,1,1,1
1,1,1,1,1,1,9zotuq,1,1,1,1
1,1,0,1,0,1,526ggu,0,1,1,1
0,1,0,1,0,1,amvdqs,0,1,0,1
1,1,1,1,1,1,7e5obg,1,1,1,1
0,1,0,1,0,1,72y1lz,0,1,0,1
1,1,0,1,0,1,hq8ela,0,1,0,1
1,1,1,1,0,0,cibda3,1,1,1,1
0,1,0,1,0,1,amlsn8,0,1,0,1
1,1,0,1,0,1,axqz73,0,1,0,1
1,1,1,1,1,1,fbrwmk,1,1,1,1
1,1,1,1,0,0,fbrwuz,1,1,1,1
0,1,0,1,0,1,hx8p4p,0,1,0,1
0,1,0,1,0,0,4jlnq8,0,1,0,1
0,1,0,1,0,1,gq80vj,0,1,0,1
1,1,1,1,0,1,5hcfrc,1,1,1,1
1,1,1,1,0,0,dbdjpo,1,1,1,1
1,1,0,1,0,1,9pvuok,0,1,1,1
0,1,0,1,0,0,6nl2t9,0,1,0,1
0,1,0,1,0,1,4fopeo,0,1,0,1
1,1,1,1,0,1,4hvjte,0,1,0,1
1,1,1,1,0,1,5r5u9i,1,1,1,1
1,1,1,1,0,1,60xgpv,0,1,0,1
1,1,1,1,0,0,ajhez2,1,0,1,0
1,1,0,1,0,0,e7q0ec,0,1,1,1
1,1,1,1,0,0,cn10ta,1,1,1,1
1,1,1,0,0,0,n87qwf,0,1,1,0
1,1,1,0,0,0,6h7hp3,1,0,1,0
1,1,1,1,1,1,4420rc,1,1,1,1
0,1,0,1,0,1,7a54re,0,1,0,1
0,1,0,1,0,1,454xzc,0,1,0,1
1,1,1,1,0,0,9s3fjp,1,1,1,1
0,1,1,1,0,0,970qvk,0,1,1,1
1,1,1,0,1,0,6t6fje,1,0,1,0
1,1,0,1,0,0,6fxqy7,0,1,0,1
1,1,0,1,0,0,7bqub5,0,1,0,1
0,1,0,1,0,0,4elokf,0,1,0,1
1,1,1,1,0,1,b7n6z2,1,1,1,1
1,1,1,1,0,0,j9hrtg,1,1,1,1
1,1,1,1,0,0,4thbeg,1,1,1,1
0,1,0,1,0,0,bsxnpq,0,1,0,1
1,1,1,1,1,1,anb0cj,0,1,1,1
1,0,1,0,1,0,4nb4h2,1,0,1,0
1,1,1,1,0,1,dl9fpa,0,1,1,1
1,1,1,1,1,0,f5ltea,1,1,1,1
1,1,0,1,0,0,4u6mqs,0,1,1,1
1,1,1,1,0,0,7s5d7t,1,1,1,1
0,1,0,1,0,1,6uznzu,0,1,0,1
1,1,1,1,0,0,b1aovh,1,1,1,1
1,0,1,0,0,0,89xmqs,1,0,1,0
1,1,1,1,0,1,f7m1lj,0,1,1,1
1,0,0,1,0,0,hbwnzl,0,0,1,1
1,1,1,1,1,1,cibgpa,0,0,1,1
0,1,0,1,0,1,a0yt4q,0,1,0,1
0,1,0,1,0,0,6zd6ce,0,1,0,1
1,1,1,1,1,0,f5ll2v,1,1,1,0
1,0,1,0,1,0,dx69ab,1,0,1,0
1,1,1,1,0,0,4518s8,1,1,1,1
1,0,1,0,0,0,cnq5it,1,0,1,0
0,1,0,1,0,0,bbwi35,0,1,0,1
1,1,1,1,1,1,nkad04,1,1,1,1
1,0,1,0,0,0,jx9qfz,1,0,1,0
1,1,0,1,0,0,4d1c5u,0,1,0,1
1,0,1,0,0,0,jzu9x9,1,0,1,0
1,1,0,1,0,0,6nm769,0,1,1,1
1,1,1,1,0,0,axgcim,0,1,1,1
1,1,1,1,0,0,gvl7sr,1,1,1,1
1,1,1,1,0,0,6avnz9,1,1,1,1
1,0,1,0,0,0,c6mzew,1,0,1,0
1,1,1,1,0,1,7kdxks,0,1,1,1
1,1,1,1,1,1,hw079v,1,1,1,1
1,1,1,1,0,0,97kgg8,0,1,1,1
1,1,1,1,0,0,d2rhtd,1,1,1,1
0,1,0,1,0,1,ehu38l,0,1,1,1
0,1,0,1,0,1,auc0ki,0,1,0,1
0,1,0,1,0,0,4fzckc,0,1,0,1
0,1,0,1,0,1,5lvk7c,0,1,0,1
0,1,0,1,0,1,i0eilc,0,1,0,1
1,1,0,1,0,1,gfu2yb,0,1,0,1
1,1,1,1,0,0,9xtg68,1,1,1,1
1,1,1,1,1,1,9l5fby,1,1,1,1
1,1,0,1,0,0,7h8lbk,0,1,1,1
1,1,1,1,0,1,fkmtn2,1,1,1,1
1,0,1,0,0,0,93rl7g,1,0,1,0
0,1,0,1,0,1,c70w9y,0,1,1,1
0,1,0,1,0,1,87k0w7,0,1,0,1
1,1,1,1,1,1,epev8y,1,1,1,1
1,1,0,1,0,0,bwixo9,0,1,1,1
1,1,1,1,0,0,9km4tk,1,1,1,1
1,0,1,0,0,0,6q8my0,1,0,1,0
1,1,1,1,0,0,byk9wb,1,1,1,1
1,1,0,1,0,0,b4v8hg,1,1,1,1
1,1,1,1,0,1,4ccgqo,1,1,1,1
1,1,1,1,1,1,874cny,1,1,1,1
1,0,1,0,1,0,gkdubt,1,0,1,0
1,1,0,1,0,0,4d2c7f,0,1,0,1
0,1,0,1,0,1,fl4uc0,0,1,0,1
1,1,1,1,0,0,ojtyd7,1,0,1,1
1,1,1,1,1,1,5hf3f6,1,1,1,1
1,1,1,1,0,0,dak1jt,1,1,1,1
1,1,1,1,0,1,hbnqw4,1,1,1,1
1,0,1,0,0,0,ehd78f,1,0,1,0
0,1,0,1,0,1,bli2vi,0,1,0,1
1,1,1,1,1,0,58wqhe,1,1,1,1
1,1,0,1,0,0,gj5ssw,1,1,0,1
1,1,1,1,0,0,7eu8ej,1,1,1,1
1,1,0,1,0,1,dnsyfl,0,1,1,1
1,1,0,1,0,1,c83fdo,0,1,0,1
1,1,1,1,0,1,ep4csq,1,1,1,1
1,1,1,1,0,1,cd96p1,1,1,1,1
0,1,0,1,0,1,copos3,0,1,0,1
1,1,1,1,0,0,46abfw,1,1,1,1
1,1,1,1,0,1,cz6x5k,1,1,1,1
0,1,0,1,0,0,bn2szo,0,1,0,1
1,1,1,1,1,1,91575n,1,1,1,1
1,1,1,0,0,0,dkde0a,1,0,1,1
0,1,0,1,0,0,ek128p,0,0,0,0
1,1,0,1,0,0,m34x40,1,1,0,1
1,1,1,0,0,0,82bnve,1,0,1,1
1,1,0,1,0,1,96bj0l,0,1,1,1
1,1,1,1,1,1,9m9749,1,1,1,1
0,0,0,0,0,0,9huzis,0,0,1,0
0,1,0,1,0,1,560ldh,0,1,0,1
1,1,1,1,1,1,nrq9co,1,1,1,1
1,1,0,1,0,0,7r4ctn,0,1,1,1
1,1,0,1,0,0,k3o38j,1,1,1,1
0,1,0,1,0,1,48j8h2,0,1,0,1
1,0,0,0,0,0,73frf0,0,0,0,0
1,1,0,1,0,0,off7ja,0,1,1,1
1,1,1,1,0,0,bju410,1,1,1,1
1,1,0,1,0,0,gvufyi,1,1,1,1
1,1,1,1,0,0,4x6d8d,0,1,1,1
1,0,0,1,0,0,bbrbzw,0,0,0,1
1,1,1,1,0,0,930g8u,0,1,0,1
1,0,1,0,0,0,8foux1,1,0,1,0
1,1,1,1,1,1,7hyako,1,1,1,1
1,1,1,1,0,0,5qrdc3,1,1,1,1
0,1,0,1,0,1,akh9f9,0,1,1,1
1,1,1,1,0,0,g38cr4,1,1,1,1
1,1,0,1,0,0,gam19o,0,1,0,1
1,1,0,1,0,0,g85fxb,1,0,1,0
0,1,0,1,0,1,ep4ydt,0,1,0,1
1,1,1,1,0,1,erj0ua,0,1,1,1
1,1,0,1,0,0,bqo1xw,0,1,0,1
1,1,1,1,0,0,ct04b5,1,1,1,1
1,1,0,1,0,1,9bb1jb,0,1,1,1
1,1,0,1,0,0,79kb22,0,1,0,1
1,1,0,1,0,0,79kbd4,0,1,0,1
0,1,0,1,0,0,c5kbq3,0,1,0,1
0,1,0,1,0,0,c5jsmh,0,1,0,1
1,1,1,1,0,0,axyv8c,1,1,1,1
1,0,0,0,0,0,kizztz,1,0,1,0
1,0,1,0,0,0,g0ytl2,1,0,1,0
1,1,0,1,0,0,cc2u3v,1,1,0,1
1,1,1,1,0,0,cs27u9,0,1,1,1
1,1,1,1,1,1,5otgcm,1,1,1,1
1,1,1,1,0,0,f5qn68,1,1,1,1
1,1,0,1,0,0,arh8et,1,1,0,1
1,1,0,1,0,0,8ht802,0,1,1,1
1,1,1,1,0,0,hcq2uy,1,1,1,1
1,1,0,1,0,1,mv672k,0,1,0,1
0,1,0,1,0,1,d1spaq,0,1,0,1
0,1,0,0,0,0,jbve17,0,1,0,1
0,1,1,1,1,0,e2k4s7,0,1,0,1
1,1,1,1,0,0,78p76m,1,1,1,1
1,1,1,1,0,0,7wt8n6,0,1,1,1
1,1,1,1,0,0,7eefj5,0,1,1,1
1,0,1,0,0,0,f3605p,1,0,1,0
1,1,0,1,0,0,blhk15,0,1,0,1
0,1,0,0,0,0,91pebl,0,0,0,0
1,1,0,1,0,1,9ypcem,1,1,0,1
0,1,0,1,0,0,5sidtp,0,1,0,1
1,1,1,1,1,1,cxaygg,1,1,1,1
0,1,0,1,0,1,4jhrjv,0,1,0,1
0,1,0,1,0,1,7pvb7t,0,1,0,1
1,1,0,1,0,0,41xqps,0,1,0,1
1,1,1,1,0,0,ahc3b1,1,1,1,1
1,1,0,1,0,0,6r7137,0,1,0,1
0,1,0,1,0,0,gyeftc,0,1,0,1
1,1,1,1,0,0,5uvw7n,1,1,1,1
1,1,1,0,0,0,f0m7ji,1,1,1,0
1,0,1,0,0,0,jw01vl,1,0,1,0
1,1,1,1,0,0,983vla,1,1,1,1
0,1,0,1,0,0,fp3rvs,0,1,0,1
1,1,0,1,0,0,jrgir4,0,1,0,1
1,1,0,1,0,0,dn0m4r,0,1,0,1
1,1,0,1,0,0,ik2tfe,0,1,1,1
0,1,0,1,0,1,7iorr5,0,1,0,1
1,1,0,0,0,0,gpql4s,0,0,1,1
1,1,1,1,0,0,jh9gym,1,1,1,1
1,1,0,1,0,0,ch8mtq,0,1,0,1
1,1,1,1,0,0,41yo7f,0,1,1,1
1,1,0,1,0,0,6t7668,1,1,1,1
1,1,1,1,0,0,bttsac,0,1,1,1
1,1,1,1,0,0,foidfh,1,1,1,1
1,0,1,0,0,0,jyml37,1,0,1,0
1,0,1,0,1,0,e5o4hs,1,0,1,0
1,1,0,1,0,0,e84k7z,0,1,0,1
1,1,1,1,0,0,76h488,0,1,0,1
1,1,1,1,0,0,bcunr9,0,1,1,1
0,1,0,1,0,0,gw0r3a,0,1,0,1
1,1,0,1,0,0,9i1aiy,0,1,0,1
0,1,0,1,0,1,dsnowk,0,1,0,1
1,0,0,0,0,0,8k0hwn,0,0,0,0
1,1,0,1,0,0,j8wtlu,1,1,0,1
1,1,1,1,0,0,7yjvhz,1,1,1,1
0,1,0,1,0,1,6rrd19,0,0,0,1
0,0,0,0,0,0,gvbeje,0,0,0,0
1,0,1,0,0,0,g0ofod,0,0,1,0
1,0,1,0,0,0,kqfhvu,1,0,1,1
1,1,0,1,0,0,jbiaoi,0,1,0,1
1,1,1,1,0,0,45ws58,1,1,1,1
1,1,1,0,0,0,ffc1lp,1,0,1,0
1,1,0,1,0,0,jzaysw,0,1,0,1
1,1,1,1,0,0,d80vyi,1,1,1,1
1,0,1,0,0,0,ctqk2x,1,0,1,0
1,0,1,0,1,0,enhqhs,1,0,1,0
1,1,0,0,0,0,lpne97,0,0,1,1
1,1,0,1,0,0,9oar2t,0,1,1,1
1,1,1,1,0,0,5u2xcb,0,1,1,1
1,0,1,0,0,0,9mlsqw,1,0,1,0
1,1,1,1,0,0,fbi5mw,0,1,1,1
1,1,1,0,0,0,dx1do7,1,1,1,0
1,1,0,1,0,0,5cogdc,1,1,0,1
1,1,1,1,0,0,7uxbrc,1,1,1,1
1,1,1,1,0,0,h94e6x,1,0,0,1
0,1,0,1,0,0,enkcef,0,1,0,1
1,1,0,1,0,0,gvh2yx,0,1,0,1
1,1,1,1,0,0,nsh4tb,1,1,1,1
1,1,1,1,0,1,gfmii3,1,1,1,1
0,1,0,1,0,0,dtcztb,0,0,0,1
1,1,0,1,0,0,baoqq6,1,0,0,1
0,1,0,1,0,1,b3hmzu,0,1,0,1
1,1,0,0,0,0,difdl5,0,1,1,1
1,1,0,1,0,1,58k562,0,1,0,1
1,0,1,0,1,0,6kk31r,1,0,1,0
1,1,0,1,0,1,djcewc,0,1,0,1
1,1,1,1,0,0,6db4r3,1,1,1,1
1,1,1,1,1,1,b6e8vv,1,1,1,1
1,1,0,1,0,1,aob7xy,0,1,0,1
1,1,1,1,1,0,eu2jzp,1,1,1,1
1,1,1,1,0,0,fqv959,1,1,1,1
1,1,0,1,0,0,e3dvni,0,1,0,1
1,1,1,0,0,0,nty123,1,0,1,0
1,1,0,1,0,0,jhtcaf,0,1,0,1
1,1,1,1,0,0,7lme3t,0,1,0,1
1,1,0,1,0,0,eyshjp,1,1,0,1
1,1,1,1,0,1,9npr1d,0,1,0,1
1,1,0,1,0,0,jfj0g8,0,1,1,1
1,1,0,1,0,1,g18ut5,0,1,1,1
0,1,0,1,0,0,duiz9p,0,1,0,1
0,1,1,1,0,0,4ywr9q,0,1,0,1
1,1,1,1,1,0,aandqh,1,0,1,1
1,1,0,1,0,0,dbew6g,1,1,0,1
0,1,0,1,0,1,j7lgo7,0,1,1,1
1,1,1,1,1,1,eibf3u,1,1,1,1
0,1,1,1,0,0,8mw6lo,0,1,0,1
1,1,0,1,0,0,8xx9bf,0,1,0,1
1,1,0,1,1,1,dv5yjp,1,1,1,1
0,1,0,1,0,1,ddh5uy,0,1,0,1
1,1,1,1,0,0,8ccpfu,0,1,1,1
1,1,1,1,0,1,50pr87,1,1,1,1
1,1,1,1,1,1,i235yq,1,1,1,1
1,1,1,1,0,0,czd80c,1,1,1,1
1,1,1,1,1,0,4593ds,1,1,1,1
1,1,1,1,0,1,9ko3mb,1,1,1,1
1,1,1,0,0,0,agmu35,1,0,1,0
1,1,1,1,0,0,hny2i9,1,1,1,0
1,1,0,1,0,0,dtu7m2,0,1,0,1
1,1,1,1,0,0,9fmvkv,1,1,1,1
1,1,0,1,0,1,4btlzp,0,1,0,1
1,1,1,1,0,0,7lekx6,0,1,1,1
1,1,0,1,0,0,9pttjs,0,1,1,1
1,1,1,1,0,1,9ojuf0,1,1,1,1
1,1,1,1,0,0,ibshyt,1,1,1,1
1,1,1,1,0,0,75htc0,1,1,1,1
1,1,1,1,0,1,7ve5g8,1,1,1,1
0,1,0,1,0,0,fjzdvb,0,1,0,1
1,1,1,1,1,0,8ypt2p,1,1,1,1
1,1,1,1,0,0,43k1ty,1,1,1,1
1,1,0,1,0,0,bmq69n,0,1,1,1
1,0,1,0,1,0,aqn5wa,1,0,1,0
1,1,1,1,0,0,gbx2mc,1,1,1,1
1,1,1,1,1,0,7ma388,1,1,1,1
1,1,0,1,0,0,9s8327,1,1,1,1
1,1,1,1,0,0,cn2wdx,0,1,0,1
1,1,1,1,1,1,8tano8,1,1,1,1
1,1,1,1,0,0,8taq1f,1,1,1,1
1,1,0,1,0,0,7ffsqc,0,1,0,1
1,1,0,1,0,0,hjlwtx,0,1,0,1
1,0,0,0,0,0,d2auu9,0,0,1,0
0,1,0,1,0,0,g1ip1j,0,1,0,1
0,1,0,1,0,1,7mrgrn,0,1,0,1
1,1,1,1,0,0,cr6x1q,1,1,1,1
1,1,1,1,1,1,6se5n5,0,1,1,1
1,1,0,1,0,0,91r2dt,0,1,1,1
1,1,1,1,0,0,eyd73f,0,1,1,1
1,1,1,1,0,0,bydyym,1,1,1,1
1,1,0,1,0,0,b0w84s,0,1,0,1
1,1,1,1,0,1,gx5xn6,1,1,1,1
1,1,1,1,0,1,8wgjek,0,1,1,1
1,1,1,0,0,0,ntxzgb,1,0,1,1
1,1,0,1,0,1,cuzly1,0,1,0,1
1,1,0,1,0,0,fl3x23,0,1,0,1
1,1,1,1,0,1,77qnvx,1,1,1,1
1,1,1,1,1,1,cds5v3,1,1,1,1
1,1,0,1,0,1,h96jnr,0,1,0,1
1,1,1,1,1,1,b9g7m0,1,1,1,1
1,1,1,1,0,0,b2cu8m,1,1,1,1
1,1,0,1,0,1,dg86sl,0,1,0,1
1,1,1,1,0,1,iddl9c,1,1,1,1
0,1,0,1,0,0,ceb85v,0,1,0,1
1,1,1,1,1,1,4d3frp,1,1,1,1
1,1,0,1,0,1,aek3n9,0,1,1,1
1,1,0,1,0,0,ef38r0,0,1,0,1
1,0,1,0,0,0,5zziqc,1,0,1,0
1,1,0,1,0,0,56jytq,1,1,0,1
1,0,0,0,0,0,6drfsc,0,0,0,0
0,0,0,0,0,0,dvbzn8,0,0,0,1
1,1,0,1,0,0,al0qvk,0,1,0,1
0,0,0,0,0,0,dtvrmq,0,0,0,0
0,1,0,1,0,0,8rv10a,0,1,0,1
1,1,0,1,0,0,bajxo8,1,1,0,1
1,1,0,1,0,0,9r4hh4,0,1,1,1
0,1,0,1,0,0,dh98w8,0,1,0,1
1,1,1,1,0,0,674r60,0,0,1,1
1,0,0,0,0,0,iavu1g,0,0,0,0
1,0,1,0,1,0,9a0jm9,1,0,1,0
0,1,0,1,0,1,aoj4sf,0,1,0,1
1,1,0,1,0,0,4kwfjq,0,1,0,1
1,1,0,1,0,1,d5nfn3,0,1,0,1
1,1,1,1,0,0,4lonno,1,1,1,1
1,1,1,1,0,0,9b6e9j,1,1,1,1
1,0,1,0,0,0,ar8ifk,1,0,1,0
0,1,0,1,0,1,7h9e1j,0,1,0,1
1,1,0,1,0,0,6epsuu,0,1,0,1
1,1,0,1,0,0,f7ywrr,0,1,0,1
0,1,0,1,0,0,6rzoq3,0,1,0,1
1,1,1,1,0,0,ipb6mn,1,1,1,1
1,1,1,1,0,0,7xc8qq,1,1,1,1
1,1,1,1,0,1,hp8uuh,0,1,1,1
1,0,1,0,1,0,kg2em1,1,0,1,0
1,1,1,1,1,0,ih553y,1,0,1,1
1,1,0,1,0,0,8irhj6,0,1,0,1
1,1,0,1,0,0,c1yxg4,0,1,1,1
1,1,0,1,0,0,iukdul,1,1,1,1
1,1,1,1,1,1,ljd4zg,1,1,1,1
1,1,0,1,0,0,50bp3e,0,1,1,1
1,1,0,1,0,0,en6y4u,0,1,1,1
1,0,1,0,0,0,b3qr0x,1,0,1,0
1,1,1,0,1,0,eswonb,1,0,1,0
0,1,0,1,0,0,9mwe7e,0,1,0,1
1,0,0,0,0,0,hw4var,1,0,1,0
0,1,0,1,0,0,c0cysl,0,1,0,1
1,1,1,1,1,1,7zgod8,1,1,1,1
1,1,0,1,0,1,7tw3kx,0,1,0,1
1,1,1,1,0,0,etzhrm,1,1,1,1
1,1,1,1,1,1,4vfgpo,1,1,1,1
1,1,1,0,0,0,htgl6c,1,1,1,1
0,1,0,1,0,1,42bkr4,0,1,0,1
1,0,1,0,0,0,dhrc28,1,0,1,0
1,0,1,0,0,0,9eey3t,0,0,1,0
0,1,0,0,0,0,fjeq79,0,0,0,0
1,1,0,1,0,0,hqp6g7,0,1,0,1
1,1,1,1,0,0,672qa8,1,1,0,1
0,1,0,1,0,0,f8pyk4,0,1,0,1
0,1,0,0,0,0,b96ysm,0,1,0,1
0,1,0,1,0,1,4kku5q,0,1,0,1
0,1,0,1,0,1,fbcu08,0,1,0,1
1,0,1,0,0,0,440x15,1,0,1,0
1,1,1,1,0,0,6cv3fb,1,1,1,1
1,1,1,1,1,1,76fjrq,1,1,1,1
1,1,1,1,0,1,ewk4m4,1,1,1,1
1,1,1,1,0,0,eznveq,1,1,1,1
1,1,0,1,0,0,df5z5g,0,1,0,1
1,1,1,1,0,0,ionei4,0,1,1,1
0,1,0,1,0,1,crh8n4,0,1,0,1
1,1,1,1,1,1,f84fvh,1,1,1,1
1,1,1,1,0,0,58s17o,1,1,1,1
1,1,1,1,1,1,6s91z4,1,1,1,1
1,0,1,0,0,0,7f2ed5,1,0,1,0
1,1,1,1,0,0,ju2mdz,1,1,1,1
1,1,0,1,0,1,gvgycs,0,1,0,1
0,1,0,1,0,1,96zml2,0,1,0,1
1,0,1,1,0,0,f9ul1w,0,0,0,0
1,0,0,0,0,0,7n6z0r,0,0,1,0
1,1,1,1,1,1,6c6hij,1,1,1,1
1,1,0,1,0,0,ay46ld,0,1,0,1
1,1,1,1,0,0,86f0ko,1,1,1,1
1,1,0,1,0,0,g2xedh,0,1,0,1
0,1,0,1,0,0,bhm9ap,0,1,0,1
1,1,1,0,0,0,4u2uvp,1,1,1,1
0,1,0,1,0,0,db0vb1,0,1,0,1
0,1,0,1,0,1,8e3ahf,0,1,0,1
1,1,0,1,0,0,7oes9h,1,1,0,1
0,1,0,1,0,1,e83904,0,1,1,1
1,1,1,1,0,0,4lh4xa,1,1,1,1
0,1,0,1,0,1,4etxbo,0,0,0,1
1,1,0,1,0,1,9lif0k,0,1,1,1
1,1,1,1,0,0,hpplb7,1,1,1,1
1,1,1,0,0,0,j95vbk,1,0,1,0
1,1,1,1,0,0,ddt52y,1,0,1,1
0,1,0,1,0,1,awgz6r,0,1,0,1
1,1,1,1,0,0,7itzr4,1,1,1,1
1,1,0,1,0,0,7l8yqh,1,1,0,1
1,1,1,1,0,1,7ja1ap,1,1,1,1
0,1,0,1,0,1,c6qudq,0,1,0,1
1,0,1,0,0,0,i4uuiw,1,0,1,0
1,1,1,1,1,1,6i1qbl,1,1,1,1
1,1,1,1,0,0,awq7sg,0,1,1,1
0,1,0,1,0,0,41uoxj,0,1,1,1
1,1,1,1,0,0,9vdtf4,1,1,1,1
1,1,1,0,0,0,bu3dxh,1,0,1,0
1,1,1,1,0,0,fil22t,0,1,0,1
1,1,1,1,1,1,998yib,1,1,1,1
1,1,0,1,0,1,n2b9hd,0,1,0,1
1,1,0,1,0,0,bux7vv,0,1,0,1
0,1,0,1,0,1,lm7uix,0,1,0,1
1,1,1,1,0,0,ac1aj9,1,1,1,1
1,1,0,1,0,0,hng1f5,1,1,1,1
1,1,1,1,0,0,4pfk9x,1,1,1,1
1,1,1,1,0,0,ae5lum,0,1,1,1
