zero_shot_depression_naive_gpt-3.5-turbo_seed_0,zero_shot_depression_naive_gpt-4_seed_0,zero_shot_depression_mards_gpt-3.5-turbo_seed_0 t=35,zero_shot_depression_mards_gpt-3.5-turbo_seed_0 t=20,zero_shot_depression_mards_gpt-4_seed_0 t=35,zero_shot_depression_mards_gpt-4_seed_0 t=20,zero_shot_depression_phq9_gpt-3.5-turbo_seed_0,zero_shot_depression_phq9_gpt-4_seed_0,d_true
1,1,1,1,1,1,0,0,1
1,0,0,1,0,0,0,0,1
1,1,0,1,0,1,1,1,1
1,1,0,1,1,1,1,1,1
1,1,1,1,1,1,1,0,1
1,1,0,1,1,1,1,0,1
1,1,1,1,1,1,1,1,1
1,1,1,1,1,1,1,1,1
1,1,1,1,1,1,1,1,1
1,1,0,1,0,1,1,0,1
1,1,0,1,1,1,1,0,1
1,1,1,1,1,1,1,0,1
0,1,0,1,0,1,0,0,0
1,1,0,1,0,1,0,0,1
0,1,0,0,0,0,0,0,1
1,1,0,0,0,1,0,0,1
1,1,0,1,1,1,1,0,1
1,1,1,1,1,1,1,1,1
1,1,1,1,1,1,1,0,1
1,1,1,1,1,1,1,0,1
0,1,1,1,1,1,1,1,1
1,1,1,1,1,1,1,1,1
0,0,0,0,0,0,0,0,0
1,1,1,1,0,1,1,1,1
1,1,1,1,1,1,1,1,0
1,1,1,1,1,1,1,1,1
1,0,1,1,1,1,1,1,0
0,0,0,1,0,0,1,0,0
1,1,0,1,1,1,0,1,1
1,1,1,1,1,1,1,1,1
1,1,1,1,1,1,1,0,1
1,1,0,1,1,1,1,0,1
0,0,0,0,0,0,0,0,0
1,1,1,1,1,1,1,1,1
1,1,1,1,1,1,1,1,1
1,1,1,1,0,1,1,0,1
1,1,0,1,0,1,1,0,1
1,1,0,1,0,1,1,1,1
1,1,1,1,1,1,1,1,1
1,1,1,1,1,1,1,1,1
0,0,0,1,0,1,0,0,0
1,1,0,1,0,1,0,0,1
1,1,0,1,0,1,0,1,1
1,1,0,1,0,1,1,0,1
1,1,0,1,1,1,1,0,1
1,1,1,1,1,1,1,1,1
1,1,1,1,1,1,1,1,1
1,1,0,1,0,1,1,0,1
1,1,1,1,1,1,1,1,1
1,1,0,1,0,1,1,0,1
1,1,1,1,1,1,0,0,1
1,1,0,1,0,1,1,0,1
1,1,1,1,1,1,1,0,0
1,0,0,1,0,1,1,0,1
1,1,1,1,1,1,1,0,1
1,1,1,1,1,1,1,1,1
1,1,1,1,1,1,1,1,1
1,1,1,1,1,1,1,1,1
1,1,0,0,0,0,0,0,1
1,0,0,1,0,0,0,0,1
1,1,0,1,0,1,1,0,1
1,1,1,1,1,1,1,1,1
1,1,1,1,1,1,1,0,1
1,1,1,1,0,1,1,0,1
1,0,0,1,0,1,1,0,1
1,1,1,1,1,1,1,0,1
1,1,0,1,1,1,1,1,1
1,1,1,1,1,1,1,1,1
1,1,1,1,0,1,1,1,1
1,0,1,1,0,1,1,0,0
1,1,0,1,0,1,1,1,1
1,1,0,1,1,1,1,1,1
0,0,0,1,0,0,1,0,0
1,1,1,1,0,1,1,1,1
1,0,0,0,0,0,0,1,0
1,1,1,1,1,1,1,0,0
1,1,1,1,1,1,1,1,1
1,1,0,0,0,1,0,1,0
1,1,0,0,0,1,0,1,0
0,0,0,0,0,0,0,0,1
1,1,0,1,0,1,1,0,1
1,0,0,1,0,0,0,0,0
1,1,0,1,0,1,1,0,1
0,0,0,0,0,0,0,0,0
1,0,0,0,0,1,0,0,0
1,1,1,1,0,1,1,0,1
1,0,1,1,0,0,1,0,1
1,1,1,1,1,1,1,1,1
1,1,0,1,0,1,1,0,0
1,1,1,1,1,1,1,0,1
1,1,1,1,1,1,1,1,1
1,1,0,1,0,1,1,0,1
0,1,0,0,0,1,1,0,1
1,1,1,1,1,1,1,1,1
1,1,0,1,1,1,1,1,1
1,1,1,1,1,1,1,1,1
0,0,0,0,0,1,0,0,0
0,0,0,0,0,0,0,0,0
1,1,1,1,1,1,1,1,1
1,1,0,1,0,1,1,0,1
1,1,1,1,1,1,1,1,1
1,0,0,0,0,0,0,0,0
0,0,0,1,0,1,0,1,0
1,0,0,0,0,0,0,0,1
1,1,1,1,1,1,1,1,1
0,0,0,1,0,0,0,0,0
1,1,0,1,0,1,1,0,1
1,1,1,1,1,1,0,0,1
1,1,0,1,0,0,0,0,1
1,0,0,1,1,1,1,0,1
1,1,0,1,0,1,1,1,1
1,1,1,1,0,1,1,0,0
1,1,1,1,1,1,1,1,1
1,1,1,1,1,1,1,0,1
1,1,0,1,1,1,1,1,1
1,1,1,1,1,1,1,0,1
1,1,1,1,0,1,1,0,1
1,1,1,1,1,1,1,0,0
1,1,1,1,1,1,1,0,1
1,1,0,1,1,1,1,1,1
1,0,0,1,0,0,0,0,0
1,1,0,1,0,1,1,0,1
1,1,0,1,1,1,1,1,0
1,1,1,1,1,1,1,0,1
1,1,0,0,0,1,1,0,1
1,1,1,1,0,1,1,0,1
1,0,0,1,0,1,1,0,0
1,0,0,1,0,0,1,0,0
1,1,0,0,0,1,1,0,0
1,1,1,1,1,1,1,1,1
1,1,1,1,0,1,1,1,1
1,1,1,1,1,1,1,1,1
1,1,0,1,1,1,1,0,1
1,1,1,1,0,1,1,1,1
1,1,0,1,0,1,1,0,1
1,1,0,0,0,1,0,0,1
1,1,1,1,1,1,1,0,1
1,1,1,1,1,1,1,1,1
1,1,1,1,0,1,1,1,1
0,0,0,1,0,0,0,0,0
1,1,1,1,0,1,1,0,1
1,1,1,1,1,1,1,0,1
1,1,1,1,1,1,1,1,1
1,1,0,1,0,1,1,0,1
1,1,0,1,0,1,1,0,1
1,1,0,1,0,1,1,0,1
1,1,1,1,1,1,1,1,1
0,0,0,1,0,0,1,1,0
0,0,0,1,0,0,0,0,0
1,1,1,1,1,1,1,1,1
1,1,0,1,0,1,1,0,1
0,0,0,0,0,0,0,0,0
1,1,0,1,0,1,1,0,0
1,1,1,1,1,1,1,1,1
1,1,1,1,1,1,1,0,0
1,1,0,1,0,1,1,0,1
1,1,0,1,0,1,1,0,1
1,1,0,1,0,1,0,1,0
1,1,1,1,1,1,1,1,1
1,0,0,1,0,0,1,1,0
1,0,1,1,0,1,1,1,0
1,0,0,1,0,0,0,1,0
0,0,0,0,0,0,0,0,0
1,1,0,1,1,1,1,1,1
1,1,1,1,1,1,1,0,1
1,1,1,1,1,1,1,1,1
1,1,0,1,0,1,1,0,1
1,0,0,1,1,1,1,0,0
1,1,1,1,0,1,1,1,1
0,0,0,0,0,0,0,0,0
1,1,0,0,0,1,0,0,1
1,1,1,1,1,1,1,1,1
1,1,0,0,0,0,0,0,1
1,1,1,1,1,1,1,1,1
1,1,0,1,1,1,1,0,1
1,1,0,1,0,1,1,0,1
1,1,0,1,0,1,1,0,1
1,1,1,1,1,1,1,1,1
0,0,0,1,0,1,1,0,1
1,1,1,1,1,1,1,1,1
1,1,0,1,0,0,1,0,1
1,1,0,1,0,1,1,1,1
1,1,0,0,0,1,0,0,1
1,1,0,1,0,1,1,1,1
0,0,0,1,0,1,1,0,1
1,0,0,1,1,1,1,0,1
1,1,1,1,1,1,1,1,1
1,0,0,1,0,1,1,0,0
1,1,1,1,1,1,1,0,1
1,1,1,1,1,1,1,0,1
1,0,0,1,0,1,1,0,0
1,1,1,1,1,1,1,1,1
1,1,0,1,0,1,1,0,1
1,1,1,1,0,1,1,0,1
1,1,1,1,1,1,1,1,1
1,1,1,1,1,1,1,1,1
1,1,1,1,1,1,1,1,1
1,1,1,1,1,1,1,0,1
1,1,1,1,1,1,1,0,1
1,1,1,1,1,1,1,0,1
1,1,1,1,1,1,1,1,1
1,1,0,1,0,1,1,0,1
1,1,0,1,0,1,1,1,1
1,1,0,1,1,1,1,0,0
1,1,1,1,1,1,1,1,1
1,0,0,0,0,1,0,0,0
1,1,1,1,1,1,1,1,1
1,1,1,1,0,1,1,0,1
1,1,1,1,1,1,1,1,1
1,0,0,1,0,0,0,0,1
1,1,0,1,0,1,1,0,1
1,1,0,1,0,0,1,0,1
1,1,1,1,1,1,1,1,1
1,0,0,1,0,1,1,0,1
1,1,1,1,1,1,1,0,1
0,0,0,0,0,0,0,0,1
1,1,1,1,1,1,1,0,1
1,1,1,1,1,1,1,1,1
1,1,0,1,0,1,1,1,1
1,1,1,1,1,1,1,0,1
1,1,1,1,1,1,1,1,0
1,1,1,1,0,1,1,0,1
0,0,0,0,0,0,0,0,1
0,0,0,0,0,0,0,0,0
1,1,1,1,1,1,1,1,1
1,1,0,1,0,1,1,0,1
1,1,0,1,0,1,1,0,1
1,1,1,1,1,1,1,1,1
1,1,1,1,1,1,1,0,1
1,1,1,1,0,1,1,0,1
1,1,1,1,1,1,1,1,1
1,1,1,1,1,1,1,1,1
1,1,0,0,0,0,1,0,1
1,1,0,1,0,1,1,0,1
1,1,1,1,1,1,1,1,1
0,0,0,0,0,0,0,0,0
1,1,1,1,1,1,1,1,1
1,1,1,1,1,1,1,0,1
1,1,0,1,0,1,1,1,1
1,0,0,1,0,0,1,0,1
1,0,0,1,0,1,1,0,0
1,1,1,1,0,1,0,0,1
1,1,1,1,0,1,1,0,1
1,1,0,1,0,1,1,1,1
1,0,0,1,0,1,0,1,0
1,1,0,1,0,1,1,1,1
1,1,0,1,0,1,1,0,0
1,1,0,1,0,1,0,0,1
1,1,0,0,0,1,1,1,1
1,0,0,1,0,1,1,0,0
1,1,1,1,1,1,1,1,1
1,0,0,0,0,0,0,0,1
1,1,1,1,1,1,1,1,1
1,1,1,1,1,1,1,0,1
0,0,0,0,0,0,0,0,1
1,1,1,1,1,1,1,0,0
1,1,1,1,1,1,1,0,1
0,0,0,0,0,0,0,0,0
1,1,0,1,0,1,1,0,1
1,1,1,1,1,1,1,0,1
1,1,1,1,1,1,1,1,1
1,1,1,1,1,1,1,1,1
1,1,1,1,1,1,1,0,1
1,0,0,1,0,0,1,0,0
1,1,1,1,1,1,1,1,1
1,1,1,1,1,1,1,1,1
1,1,0,1,1,1,1,0,1
1,0,1,1,0,1,1,0,0
1,1,1,1,0,1,1,0,1
0,0,0,1,0,0,0,0,0
1,1,1,1,0,1,1,0,1
1,0,0,1,0,0,1,0,0
0,0,0,0,0,1,0,0,0
1,1,1,1,1,1,1,1,1
0,0,0,1,0,0,1,0,0
1,1,1,1,1,1,1,1,1
1,1,0,1,0,1,1,0,1
1,1,1,1,1,1,1,0,1
1,1,1,1,0,1,1,1,1
1,1,1,1,1,1,1,1,1
1,1,1,1,1,1,1,1,1
1,1,0,1,0,1,1,1,1
1,1,0,1,0,1,1,0,1
1,1,0,1,1,1,1,1,1
1,1,1,1,1,1,1,0,0
1,1,1,1,1,1,1,1,1
1,1,1,1,1,1,1,0,1
1,1,1,1,1,1,1,0,1
1,0,0,1,0,0,0,0,0
1,1,1,1,1,1,1,1,0
0,0,0,0,0,0,0,0,1
1,1,1,1,1,1,1,1,1
0,0,0,0,0,0,0,0,0
1,1,1,1,1,1,1,1,1
1,1,1,1,1,1,1,1,1
1,1,1,1,1,1,1,0,1
1,0,1,1,0,1,1,1,0
1,1,1,1,0,1,1,0,1
1,1,1,1,1,1,1,1,1
1,1,1,1,1,1,1,1,1
1,1,0,1,0,0,0,0,1
1,1,1,1,1,1,1,1,1
0,0,0,1,0,0,0,0,0
1,1,0,1,0,1,1,1,1
1,1,1,1,1,1,1,0,1
1,1,0,1,0,1,1,0,1
1,1,0,1,0,1,1,0,1
1,1,1,1,0,1,1,1,1
1,1,1,1,1,1,1,1,1
1,1,0,1,0,1,1,0,1
1,1,1,1,1,1,1,1,1
1,1,1,1,1,1,1,1,1
1,1,1,1,1,1,1,1,1
1,0,0,0,0,0,0,1,1
0,0,0,1,0,1,1,1,0
1,1,1,1,1,1,1,1,1
1,1,0,1,1,1,1,1,1
1,1,1,1,1,1,1,1,1
1,1,1,1,1,1,1,0,1
1,1,0,1,0,0,0,0,1
1,0,0,0,0,1,0,0,1
1,1,0,1,1,1,1,1,1
1,1,1,1,1,1,1,0,1
1,1,0,1,1,1,1,1,1
1,1,1,1,1,1,1,0,1
1,1,0,1,0,1,1,0,1
1,1,1,1,1,1,1,0,1
1,1,1,1,1,1,1,1,1
1,1,1,1,1,1,1,1,0
1,0,0,1,0,1,1,0,1
1,1,0,1,1,1,1,1,1
1,1,0,1,0,1,1,1,1
1,1,0,1,0,1,1,0,1
1,0,0,1,1,1,1,0,0
1,1,1,1,0,1,1,0,1
0,0,0,0,0,0,0,0,0
1,1,1,1,1,1,1,1,1
0,0,0,0,0,0,0,0,0
0,1,0,0,0,0,0,0,1
1,0,1,1,1,1,0,0,0
1,1,1,1,1,1,1,1,1
1,0,0,1,0,1,1,0,0
1,1,1,1,0,1,1,0,1
1,1,1,1,1,1,1,0,1
1,1,1,1,1,1,1,0,1
1,1,1,1,1,1,1,1,1
0,0,0,1,0,1,1,0,0
1,1,1,1,1,1,1,0,1
1,1,1,1,1,1,1,0,1
1,0,0,1,0,1,1,0,0
1,1,0,1,1,1,1,0,1
1,1,0,1,1,1,1,0,1
0,0,0,0,0,0,0,0,0
1,1,0,0,0,0,0,0,1
0,0,0,1,0,0,1,0,0
1,1,0,1,1,1,1,1,1
1,1,1,1,1,1,1,0,1
1,1,1,1,0,1,1,0,1
1,1,0,1,1,1,1,1,1
1,1,0,1,0,1,1,1,1
1,1,0,1,0,0,0,0,1
1,1,0,1,0,1,1,0,1
0,0,0,0,0,0,0,0,0
1,1,1,1,1,1,1,1,0
1,0,0,0,0,1,1,0,1
1,0,0,1,0,1,0,0,0
1,1,1,1,1,1,1,1,0
1,1,0,1,1,1,1,0,1
1,0,0,1,0,1,1,0,1
1,1,1,1,1,1,1,1,1
1,0,0,1,0,1,1,0,1
1,1,0,1,1,1,1,1,1
1,0,0,1,0,1,0,0,0
1,1,0,1,0,1,1,0,0
0,0,0,1,0,1,0,0,0
1,0,0,0,0,0,1,0,0
1,1,0,1,0,0,1,0,1
0,0,0,1,0,0,1,1,0
0,0,0,0,0,0,0,0,0
1,1,0,1,0,1,0,0,1
1,1,1,1,1,1,1,1,1
1,0,0,1,0,1,1,0,1
1,1,0,1,0,1,0,0,1
1,1,1,1,1,1,1,1,1
1,1,0,1,0,1,1,0,1
1,1,0,1,0,1,1,1,1
1,1,1,1,1,1,1,1,0
1,1,0,1,0,1,1,0,0
1,1,0,1,0,1,1,0,1
1,1,0,1,1,1,1,0,1
0,0,0,1,0,0,1,1,0
1,1,1,1,1,1,1,0,1
1,1,1,1,1,1,1,1,1
1,1,1,1,1,1,1,1,1
1,1,1,1,1,1,1,1,1
1,1,0,1,0,1,1,1,1
1,1,0,1,0,1,1,0,1
1,1,0,1,0,1,1,0,1
1,1,0,1,0,1,1,0,1
1,1,1,1,1,1,1,0,1
1,1,1,1,1,1,1,1,1
1,1,1,1,1,1,1,1,1
0,0,0,0,0,0,0,0,1
1,1,1,1,1,1,1,1,1
1,1,1,1,1,1,1,0,1
1,1,0,1,1,1,1,1,1
1,1,0,1,0,1,1,1,1
1,1,0,1,0,1,1,0,1
1,1,1,1,1,1,1,1,1
1,1,0,1,0,1,1,1,1
1,1,0,1,0,0,1,0,1
1,1,0,1,0,1,0,0,1
1,1,0,1,0,1,1,0,1
1,1,0,1,0,1,1,0,1
1,1,0,1,0,1,0,0,1
1,0,0,1,0,1,0,1,1
1,1,0,0,0,0,0,0,1
0,0,0,0,0,1,0,0,0
1,1,1,1,1,1,1,1,1
1,1,0,0,0,0,0,0,1
1,1,0,1,0,1,0,0,1
1,1,0,1,0,1,1,0,1
0,1,0,1,0,1,0,0,1
1,1,0,1,1,1,1,1,1
0,0,0,1,0,0,0,0,0
1,1,1,1,1,1,1,1,1
1,1,0,1,1,1,1,0,1
1,1,0,1,0,1,1,0,0
0,0,0,0,0,0,0,0,0
1,1,1,1,1,1,1,0,1
1,1,1,1,1,1,1,1,1
1,0,0,0,0,0,0,0,1
1,1,0,1,0,1,1,0,1
1,1,1,1,1,1,1,1,1
1,1,1,1,1,1,1,1,1
0,0,0,0,0,0,0,0,1
1,1,0,1,1,1,1,1,1
1,1,0,0,0,1,1,1,1
0,0,0,1,0,0,0,0,0
0,0,0,0,0,0,1,0,0
0,0,0,1,0,0,0,0,0
1,1,0,1,0,1,1,1,1
1,1,0,1,0,0,1,0,1
0,1,0,0,0,0,0,0,1
0,0,0,0,0,0,0,0,1
1,1,0,1,1,1,1,0,1
0,0,0,0,0,0,0,0,1
1,1,0,1,0,1,1,0,1
1,1,1,1,0,1,1,0,0
1,1,0,1,1,1,1,0,1
1,1,0,1,1,1,1,0,0
1,1,0,1,1,1,1,0,1
0,0,0,0,0,0,0,0,1
1,1,0,0,0,1,0,1,1
1,1,0,1,0,1,1,0,1
1,1,1,1,1,1,1,0,1
1,1,0,1,0,1,1,0,1
1,1,0,0,0,0,0,0,0
1,1,1,1,1,1,1,0,1
0,1,0,0,0,1,1,0,1
1,1,0,1,0,1,1,0,1
1,0,0,1,0,0,1,0,1
1,1,1,1,0,1,1,0,1
0,0,1,1,0,1,1,0,1
0,0,0,0,0,1,1,0,0
1,1,0,1,0,1,1,0,1
1,1,0,1,0,1,1,0,1
1,1,0,1,0,1,1,0,1
1,1,1,1,1,1,1,1,1
1,0,0,1,0,1,1,0,0
0,1,0,0,0,0,0,0,1
1,1,0,1,0,1,1,0,1
1,1,1,1,0,1,1,0,1
1,1,0,1,0,1,1,0,1
0,0,0,0,0,0,0,0,0
1,1,0,1,0,1,1,0,1
1,1,0,1,0,1,1,0,0
0,0,0,0,0,0,1,0,0
1,1,0,1,0,1,1,1,1
1,1,0,0,0,0,0,0,0
1,1,0,1,0,1,0,0,1
0,0,0,0,0,0,0,0,0
1,1,0,1,1,1,1,0,1
1,1,0,0,0,0,0,0,1
0,0,0,0,0,0,0,0,1
1,1,0,1,0,1,1,0,1
1,1,0,1,0,0,1,0,1
1,1,0,1,0,1,1,0,0
1,1,0,1,1,1,1,1,1
1,1,0,0,0,0,0,0,1
0,0,0,0,0,0,0,0,0
1,1,0,1,0,1,0,0,1
1,1,0,1,0,0,0,0,1
1,1,1,1,1,1,1,0,1
1,1,0,1,1,1,1,1,1
1,1,1,1,0,1,1,0,1
1,1,1,1,1,1,1,0,1
1,1,0,1,1,1,1,1,0
1,1,1,1,1,1,1,0,1
0,0,0,0,0,0,0,0,0
1,1,0,1,0,1,1,0,1
1,1,0,0,0,1,1,1,1
1,1,0,1,0,1,1,1,0
1,1,0,1,0,1,1,0,0
1,1,0,1,0,1,1,1,1
0,0,0,1,0,0,1,0,0
1,1,1,1,1,1,1,1,1
1,1,0,1,0,1,1,0,1
1,1,1,1,1,1,1,1,1
0,0,0,1,0,0,0,0,0
1,1,1,1,1,1,1,0,1
1,1,0,1,1,1,1,1,0
1,1,0,1,0,1,1,1,0
0,0,0,1,0,1,1,0,0
1,1,1,1,1,1,1,1,1
1,1,0,1,0,1,1,0,1
0,1,0,0,0,1,0,0,1
1,1,1,1,1,1,1,0,1
1,1,1,1,1,1,1,1,1
1,1,0,1,0,1,1,0,1
1,1,1,1,1,1,1,1,1
0,0,0,1,0,0,1,1,0
0,0,0,1,0,1,0,0,0
1,1,0,1,1,1,1,1,1
1,1,0,1,1,1,1,1,1
1,1,0,0,0,1,0,0,1
1,0,0,1,0,1,1,0,1
1,1,0,1,0,1,1,0,1
1,1,0,1,0,1,1,1,1
1,1,1,1,1,1,1,1,1
1,1,0,0,0,0,0,0,1
1,1,0,0,0,0,0,0,1
1,1,1,1,1,1,1,1,1
1,1,1,1,1,1,1,0,0
1,1,1,1,1,1,1,1,1
0,0,1,1,1,1,1,1,0
1,1,1,1,1,1,1,1,1
1,0,0,0,0,0,0,0,0
1,1,0,1,0,1,1,0,0
1,1,0,0,0,1,1,0,1
1,0,0,1,0,1,1,0,1
1,1,0,1,0,1,1,1,1
1,1,0,1,0,1,1,1,1
1,1,0,0,0,0,0,0,1
1,0,0,1,0,1,1,0,0
1,1,0,1,0,1,1,0,1
0,0,0,1,0,0,0,0,0
1,1,0,1,1,1,1,1,1
1,1,1,1,0,1,1,0,1
1,1,1,1,1,1,1,1,1
1,1,1,1,1,1,1,1,1
1,1,1,1,1,1,1,1,1
1,1,1,1,1,1,1,0,1
1,1,1,1,0,1,1,0,1
0,0,0,1,0,0,1,0,0
1,1,1,1,0,1,1,0,0
1,1,1,1,0,1,1,0,1
1,1,1,1,0,1,1,0,1
1,1,1,1,0,1,1,0,1
1,1,0,1,0,0,1,0,0
1,1,0,1,1,1,1,1,1
1,1,0,1,1,1,1,0,0
1,1,1,1,1,1,1,1,0
1,1,0,1,0,0,1,0,1
1,1,0,1,1,1,1,1,1
1,0,0,1,0,1,1,1,0
0,0,0,0,0,0,0,0,0
1,1,0,1,0,1,1,0,1
0,0,0,0,0,0,0,0,0
1,1,1,1,1,1,1,1,1
0,0,0,0,0,0,0,0,0
1,1,0,1,1,1,1,1,0
0,0,0,1,0,1,1,1,0
0,0,1,1,0,1,1,0,0
1,1,1,1,0,1,1,1,1
0,0,0,0,0,0,0,0,0
0,0,0,1,1,1,0,0,0
1,1,0,1,0,0,1,0,1
1,1,1,1,1,1,1,0,1
1,1,0,1,0,1,1,0,0
1,0,0,0,0,0,0,0,1
1,1,0,0,0,1,0,0,1
1,1,0,1,0,1,1,0,0
1,1,1,1,1,1,1,1,1
1,1,0,1,1,1,1,1,0
0,0,0,0,0,0,0,0,0
0,0,0,1,0,1,1,0,0
1,1,1,1,1,1,1,0,1
0,0,0,0,0,0,0,0,0
0,0,0,0,0,0,0,0,0
0,0,0,1,0,0,0,0,0
1,1,1,1,1,1,1,1,1
0,0,0,1,0,0,0,0,0
0,0,0,1,0,0,1,0,0
0,0,0,0,0,0,0,0,0
1,1,0,1,0,1,1,0,1
1,1,1,1,1,1,1,0,1
1,1,0,1,0,1,1,0,1
1,1,0,0,0,1,1,1,1
1,1,1,1,1,1,1,1,1
1,0,0,1,0,0,0,0,0
0,0,0,0,0,0,0,0,0
0,0,0,1,0,1,0,0,1
0,0,0,0,0,0,0,0,0
1,1,0,1,1,1,1,0,1
1,1,0,1,0,1,1,0,1
1,0,0,1,0,0,1,1,0
1,1,1,1,1,1,1,0,1
1,1,0,0,0,1,0,0,1
0,0,0,1,0,0,0,0,0
1,1,1,1,0,1,1,0,1
1,0,0,1,0,1,1,0,0
1,1,0,1,0,1,1,1,1
1,1,1,1,1,1,1,1,1
0,0,0,0,0,1,0,0,0
1,1,0,1,0,1,1,0,0
1,1,1,1,1,1,1,0,1
1,1,0,1,0,0,0,0,1
1,1,0,1,1,1,1,1,1
1,1,1,1,1,1,1,1,1
1,1,0,1,0,1,0,0,1
1,1,0,1,0,1,0,0,1
1,1,0,1,0,1,1,0,1
1,1,1,1,0,1,1,1,1
1,1,0,1,1,1,1,0,1
1,1,0,0,0,0,0,0,1
1,1,1,1,1,1,1,1,1
1,1,1,1,0,1,1,1,1
1,1,1,1,1,1,1,0,1
0,0,0,1,0,0,0,0,0
1,1,0,1,1,1,1,1,0
1,1,0,1,0,1,0,0,1
1,1,1,1,1,1,1,1,1
0,0,0,1,0,1,0,0,0
1,1,0,1,0,1,1,0,0
0,0,0,0,0,0,1,1,0
1,1,1,1,1,1,1,1,1
1,0,0,0,0,0,0,0,1
1,1,1,1,0,1,1,1,1
0,0,0,1,0,1,1,0,0
1,0,1,1,0,1,1,1,0
1,1,1,1,1,1,1,1,0
1,1,1,1,1,1,1,0,1
1,1,1,1,1,1,1,1,1
1,1,1,1,1,1,1,0,1
1,0,0,1,0,0,1,0,0
1,1,1,1,1,1,1,1,0
1,1,1,1,1,1,1,0,0
1,0,0,1,0,1,1,1,0
1,1,1,1,1,1,1,1,1
1,1,0,1,0,1,1,0,0
1,1,1,1,1,1,1,1,1
1,1,1,1,0,1,1,0,1
1,1,1,1,1,1,1,1,1
1,1,1,1,1,1,1,1,1
0,0,0,0,0,0,0,0,0
1,1,1,1,1,1,1,1,1
1,0,0,1,0,1,1,0,0
1,1,1,1,1,1,1,1,1
1,1,0,1,0,0,1,0,1
0,0,0,1,0,0,1,0,0
1,1,1,1,1,1,1,0,1
1,1,1,1,0,1,1,0,0
1,1,0,1,1,1,1,0,1
1,1,0,1,1,1,1,0,1
1,1,1,1,1,1,1,0,1
1,1,0,1,1,1,1,1,0
1,1,1,1,1,1,1,1,1
1,1,0,1,0,1,1,0,1
1,1,0,1,0,1,1,0,1
1,1,1,1,1,1,1,0,1
1,1,1,1,1,1,1,1,1
1,0,0,0,0,0,1,0,1
0,0,0,1,0,1,1,0,0
0,0,0,1,0,0,0,0,0
1,1,1,1,1,1,1,1,1
1,1,1,1,1,1,1,0,1
0,0,0,1,0,0,0,0,0
1,1,0,1,1,1,1,1,0
0,1,0,1,1,1,1,1,0
1,0,0,1,0,0,1,0,0
1,1,1,1,1,1,1,1,1
1,1,1,1,1,1,1,1,0
0,0,0,1,0,1,0,0,0
1,1,0,1,0,1,1,0,0
1,1,1,1,1,1,1,1,1
1,1,1,1,1,1,1,1,1
1,1,1,1,1,1,0,0,1
1,1,1,1,1,1,1,1,1
1,1,1,1,1,1,1,1,1
1,1,1,1,1,1,1,0,1
1,1,1,1,1,1,1,1,1
1,1,0,1,0,1,1,0,1
1,1,0,1,0,1,1,0,1
1,1,1,1,1,1,1,1,1
1,1,0,1,0,1,1,0,0
1,1,1,1,1,1,1,1,1
1,0,0,1,0,1,1,0,0
1,1,1,1,0,1,1,0,0
1,1,1,1,1,1,0,0,1
1,1,0,1,0,1,1,0,1
0,0,0,0,0,0,0,0,0
1,1,0,1,0,1,1,1,1
1,1,1,1,1,1,1,1,1
1,1,0,1,0,1,0,0,1
1,1,0,0,0,1,0,0,0
1,1,0,1,0,1,1,1,1
1,1,1,1,1,1,1,1,1
1,1,1,1,1,1,1,1,0
1,0,0,1,0,0,0,0,0
1,0,0,0,0,0,0,0,0
1,1,1,1,1,1,1,1,1
1,1,1,1,1,1,1,1,1
1,1,1,1,1,1,1,0,1
1,1,0,1,1,1,1,1,0
1,1,1,1,1,1,1,1,1
1,1,1,1,0,1,1,1,1
1,1,1,1,1,1,1,1,1
1,1,1,1,1,1,1,1,1
1,1,1,1,1,1,1,0,1
1,1,1,1,1,1,1,1,1
1,1,1,1,1,1,1,1,1
1,1,0,1,1,1,1,0,1
1,1,1,1,1,1,1,0,1
0,0,0,0,0,0,0,0,0
1,1,1,1,1,1,1,1,1
1,1,1,1,1,1,1,0,1
1,1,1,1,1,1,1,1,1
1,1,1,1,1,1,1,1,1
0,0,0,0,0,0,0,0,0
1,1,0,1,0,1,1,0,1
1,1,0,1,0,1,1,0,1
1,1,0,1,0,1,1,1,0
1,1,0,1,0,1,1,1,0
1,1,0,1,1,1,1,1,1
1,1,1,1,1,1,1,0,1
1,1,1,1,1,1,1,1,1
1,1,0,1,1,1,1,0,0
1,1,1,1,1,1,1,0,0
1,0,0,1,0,1,0,1,0
1,1,1,1,1,1,1,1,0
1,1,0,1,1,1,1,1,1
1,1,0,1,0,1,1,0,1
0,1,0,1,0,1,1,0,1
1,1,1,1,1,1,1,1,1
1,0,0,1,0,1,1,0,0
1,1,1,1,0,0,0,0,0
1,1,1,1,1,1,1,1,0
1,1,1,1,1,1,1,0,1
1,1,1,1,1,1,1,0,1
1,1,1,1,1,1,1,1,1
1,1,1,1,0,1,1,0,0
1,1,1,1,1,1,1,0,1
1,1,1,1,1,1,1,0,1
1,1,1,1,1,1,1,1,1
1,1,1,1,1,1,1,1,1
1,1,0,1,0,1,1,0,0
1,1,1,1,1,1,1,0,1
1,0,0,1,0,0,0,0,0
1,1,0,1,0,1,1,0,1
1,1,1,1,0,1,1,0,1
1,1,1,1,1,1,1,1,1
1,1,0,1,0,1,1,1,1
1,1,1,1,1,1,1,1,1
1,1,1,1,0,1,1,0,1
1,1,0,1,1,1,1,1,1
1,1,1,1,1,1,1,1,0
1,1,1,1,0,1,1,0,0
1,1,1,1,1,1,1,1,1
1,1,0,1,1,1,1,1,1
1,1,1,1,1,1,1,0,1
1,1,0,1,1,1,1,1,1
1,1,0,1,1,1,1,0,1
0,0,0,0,0,0,0,0,0
1,1,1,1,1,1,1,0,0
1,1,1,1,1,1,1,0,1
1,1,1,1,1,1,1,1,1
1,1,1,1,1,1,1,1,1
1,1,0,1,0,1,1,0,1
1,1,0,1,1,1,1,0,1
1,1,0,1,0,1,1,1,1
1,1,0,1,1,1,1,1,1
1,1,1,1,1,1,1,0,1
1,0,0,1,0,1,1,0,0
1,1,1,1,1,1,1,1,1
1,1,1,1,1,1,1,1,1
0,0,0,0,0,0,0,0,0
1,1,0,1,1,1,1,0,0
1,1,0,1,0,1,1,0,1
1,1,0,0,0,0,1,0,1
1,1,1,1,1,1,1,1,1
1,1,1,1,1,1,0,0,0
1,1,1,1,1,1,1,1,1
1,1,0,1,0,0,1,0,1
1,1,1,1,1,1,1,1,0
1,1,1,1,1,1,1,1,0
1,1,0,1,1,1,1,1,1
1,1,1,1,1,1,1,1,1
1,1,0,1,0,1,0,0,1
1,1,1,1,1,1,1,1,1
1,1,0,1,0,1,1,0,1
1,1,0,0,1,1,0,1,1
1,0,0,1,0,0,1,0,0
1,1,1,1,1,1,1,1,1
1,1,1,1,1,1,1,1,1
0,1,1,1,1,1,1,1,0
1,1,1,1,0,1,1,0,1
1,1,1,1,1,1,1,0,1
1,1,1,1,0,1,1,0,1
1,1,0,1,0,1,1,0,0
0,0,0,0,0,1,1,0,0
1,1,0,1,1,1,1,1,1
1,0,0,1,0,0,0,0,1
1,1,0,1,0,1,0,1,1
1,1,1,1,1,1,1,1,1
1,1,1,1,1,1,1,0,1
1,1,0,1,1,1,1,0,1
1,0,0,1,0,1,1,0,0
1,1,1,1,1,1,1,0,0
1,1,1,1,1,1,1,1,1
1,1,0,1,0,1,1,0,1
1,1,0,1,0,0,1,0,0
1,1,1,1,1,1,1,1,1
1,1,1,1,1,1,1,1,1
1,1,1,1,1,1,1,0,1
1,1,1,1,1,1,1,1,1
1,1,1,1,1,1,1,1,1
1,1,1,1,1,1,1,0,1
1,1,0,1,1,1,1,0,1
1,1,0,1,1,1,1,0,1
1,1,1,1,1,1,1,1,1
1,1,1,1,1,1,1,1,1
0,0,0,0,0,1,0,0,0
1,0,0,1,0,0,1,0,0
1,1,1,1,0,1,1,0,0
1,1,1,1,1,1,1,0,1
1,1,0,1,0,1,0,1,0
1,0,1,1,0,0,0,0,0
1,1,0,1,1,1,1,0,1
1,1,0,1,0,1,1,1,1
1,0,0,1,0,1,1,0,0
1,1,0,1,0,1,1,0,0
1,1,0,1,0,1,1,1,1
1,1,1,1,1,1,1,0,1
1,1,1,1,1,1,1,0,1
1,1,0,1,0,1,0,0,0
1,1,1,1,1,1,1,0,1
1,1,1,1,1,1,1,0,1
1,1,1,1,1,1,1,1,1
1,1,1,1,1,1,1,1,1
1,1,1,1,1,1,1,1,0
1,1,1,1,1,1,1,0,1
1,1,1,1,1,1,1,1,1
1,1,1,1,1,1,1,0,0
1,1,1,1,0,1,1,1,0
0,0,0,0,0,1,1,1,0
0,0,0,0,0,0,0,0,1
0,1,0,0,0,0,0,0,0
1,0,0,1,0,0,0,0,0
1,1,0,0,0,1,1,0,0
1,0,0,1,0,1,0,0,0
1,0,0,1,0,0,1,0,0
1,1,1,1,0,1,1,1,0
1,1,0,1,0,1,1,1,1
1,1,1,1,1,1,1,1,1
1,1,0,1,0,1,1,1,1
1,1,1,1,1,1,1,0,0
1,1,1,1,1,1,1,0,0
1,1,1,1,1,1,1,0,1
0,0,1,1,0,0,0,0,0
1,0,0,1,0,0,0,0,0
1,1,1,1,1,1,1,0,0
1,1,1,1,1,1,1,0,0
1,1,1,1,0,1,1,0,0
1,1,1,1,1,1,1,1,1
1,1,1,1,1,1,1,0,0
1,1,0,1,0,1,1,0,1
1,1,1,1,1,1,1,1,1
1,1,1,1,1,1,1,1,1
1,1,0,1,1,1,1,0,1
1,1,0,1,1,1,1,1,1
1,1,1,1,0,1,1,0,1
1,1,1,1,1,1,1,1,1
1,1,1,1,1,1,1,1,0
0,0,0,1,0,1,0,0,0
1,1,0,1,1,1,1,0,0
1,0,1,1,0,0,1,0,0
1,1,0,1,1,1,1,1,1
1,1,1,1,1,1,1,1,0
1,1,1,1,1,1,1,0,0
1,0,0,1,0,1,0,0,0
0,1,0,1,0,1,1,1,0
1,1,1,1,0,1,1,0,1
1,1,0,1,0,1,1,1,0
1,1,1,1,1,1,1,1,0
1,1,1,1,1,1,1,0,0
1,1,1,1,1,1,1,1,0
1,1,1,1,1,1,1,1,1
1,1,0,1,0,1,1,1,1
1,1,1,1,0,1,1,1,1
1,0,0,1,1,1,0,1,0
1,1,1,1,0,1,1,0,1
1,1,1,1,1,1,1,1,1
0,0,0,0,0,0,0,0,0
1,1,0,1,0,1,0,0,1
1,1,0,1,0,1,0,0,0
1,1,0,1,0,1,1,1,1
1,1,0,1,1,1,1,1,1
1,0,1,1,1,1,1,0,0
1,1,0,1,0,1,1,0,0
1,1,0,1,1,1,1,1,1
0,0,0,0,0,0,0,0,1
1,1,1,1,1,1,1,1,0
0,0,0,0,0,0,0,0,1
1,1,0,1,0,1,1,0,0
1,1,1,1,1,1,1,0,1
1,1,0,1,1,1,1,1,1
1,1,1,1,1,1,1,1,1
1,1,1,1,1,1,1,0,1
1,1,0,1,0,1,1,0,1
1,1,0,0,0,0,1,0,1
1,1,0,1,1,1,1,1,0
1,1,0,1,1,1,1,1,1
1,1,1,1,1,1,1,0,0
1,1,0,1,0,1,1,0,0
0,0,0,0,0,0,0,0,0
1,1,1,1,1,1,1,0,1
1,1,1,1,1,1,1,1,0
0,0,0,0,0,0,0,0,0
1,1,0,0,0,0,0,0,1
1,1,0,1,0,1,1,1,1
1,1,0,1,0,1,1,0,1
1,1,1,1,1,1,1,0,1
1,1,0,1,0,1,0,0,1
1,1,0,1,1,1,1,1,1
1,1,0,1,0,1,1,0,1
1,1,1,1,0,1,1,0,1
1,1,0,1,0,0,1,0,1
1,1,0,1,1,1,1,1,1
1,1,1,1,1,1,1,1,1
1,1,1,1,1,1,1,1,1
0,0,0,0,0,0,0,0,0
1,1,1,1,1,1,1,1,1
1,1,1,1,1,1,1,1,1
1,0,0,1,0,1,1,0,0
1,1,1,1,1,1,1,0,1
1,1,0,1,1,1,1,1,1
1,1,1,1,1,1,1,0,1
1,0,0,1,1,1,1,0,0
1,0,1,1,0,1,1,1,0
1,1,1,1,1,1,1,1,0
1,1,1,1,1,1,1,1,1
1,1,0,1,1,1,1,0,1
1,1,1,1,1,1,1,0,0
1,1,0,1,0,0,1,0,0
0,0,0,1,0,0,1,0,0
1,1,1,1,0,1,1,0,0
1,0,1,1,0,1,1,0,0
1,1,0,1,0,1,1,0,0
1,1,1,1,0,1,1,0,0
1,1,1,1,0,1,1,0,0
1,0,0,1,0,0,1,0,0
1,0,0,0,0,0,0,0,0
1,1,1,1,1,1,1,1,1
1,1,1,1,1,1,1,0,1
1,1,1,1,1,1,1,0,1
1,1,1,1,1,1,1,0,0
0,0,0,0,0,0,0,0,0
1,1,0,1,0,1,1,0,0
1,1,1,1,0,1,1,0,1
1,1,1,1,1,1,1,1,0
1,1,1,1,0,1,1,1,1
1,1,1,1,1,1,1,1,1
1,1,0,1,0,1,1,0,0
1,1,0,1,0,1,1,1,1
1,1,0,1,1,1,1,0,0
1,1,1,1,1,1,1,0,1
1,1,0,1,1,1,1,0,1
1,1,1,1,1,1,1,1,0
1,1,0,1,1,1,0,1,0
1,1,1,1,1,1,1,1,1
1,1,1,1,1,1,1,1,0
1,1,1,1,1,1,1,0,1
0,0,0,1,0,1,1,0,0
1,0,0,1,0,1,1,0,0
1,1,1,1,1,1,1,1,1
0,0,0,0,0,0,0,0,0
1,0,0,1,0,0,1,0,0
1,1,1,1,0,1,1,1,1
1,1,1,1,1,1,1,1,1
0,0,0,0,0,0,0,0,0
1,1,1,1,1,1,1,0,1
1,0,0,0,0,0,1,0,1
1,1,0,0,0,0,0,0,1
1,1,1,1,1,1,1,0,0
1,0,0,1,0,1,1,0,0
0,0,0,0,0,0,0,0,0
1,1,1,1,1,1,1,0,0
1,1,1,1,1,1,1,1,1
0,0,0,1,0,1,0,0,0
1,1,1,1,1,1,1,1,0
1,1,1,1,1,1,1,1,1
1,1,1,1,1,1,1,0,0
1,1,0,1,0,1,0,0,1
1,1,0,1,1,1,1,1,1
1,1,1,1,0,1,1,0,1
1,1,1,1,1,1,1,1,1
1,1,1,1,1,1,1,1,1
1,1,1,1,1,1,1,0,1
1,1,1,1,1,1,1,0,1
1,1,1,1,1,1,1,1,1
1,1,0,1,0,1,1,1,1
1,1,0,1,0,1,1,1,1
1,1,0,1,0,1,1,1,0
1,1,0,1,1,1,1,0,1
1,1,1,1,1,1,1,1,1
1,1,1,1,1,1,1,1,1
1,1,1,1,1,1,1,0,1
0,0,1,1,0,1,1,0,1
1,1,1,1,1,1,1,1,1
1,1,0,1,0,0,1,0,1
1,1,1,1,1,1,1,0,1
1,1,0,1,0,1,1,0,1
1,1,1,1,1,1,1,1,1
1,1,0,0,0,0,0,0,1
1,1,0,1,1,1,1,1,1
1,1,1,1,1,1,1,1,1
1,1,0,0,0,1,0,0,1
1,1,1,1,0,1,1,0,1
1,1,0,0,0,1,1,0,1
1,1,1,1,1,1,1,0,1
0,0,1,1,0,1,0,1,0
1,1,1,1,1,1,1,1,0
1,0,0,1,0,0,1,0,0
1,1,0,1,0,1,1,0,1
1,1,0,0,0,0,0,0,1
0,1,0,1,0,0,0,0,0
1,1,1,1,1,1,1,0,0
1,0,0,0,0,1,1,0,0
1,1,1,1,1,1,1,0,1
1,1,1,1,0,1,0,0,0
1,1,1,1,1,1,1,0,1
1,1,0,1,0,1,1,0,0
1,1,0,1,0,1,1,0,1
1,1,0,1,0,1,1,0,1
0,0,0,0,0,0,0,0,0
1,1,0,1,0,0,1,0,1
0,0,0,1,0,1,1,0,0
0,0,0,1,0,0,0,0,0
1,1,0,1,0,1,1,0,1
1,1,1,1,1,1,1,0,1
1,1,1,1,1,1,1,0,1
1,1,0,1,1,1,1,0,1
1,1,0,1,0,1,1,1,1
1,1,0,1,0,1,1,1,0
1,1,0,1,0,1,0,0,1
1,0,0,0,0,1,0,1,0
0,0,0,1,0,0,0,0,0
1,1,0,1,0,0,0,0,0
1,0,0,1,0,0,1,0,0
0,0,0,1,0,1,0,0,0
0,0,0,0,0,0,0,0,0
0,0,0,1,0,0,0,0,0
1,1,1,1,1,1,1,0,1
1,1,0,1,0,1,1,0,1
0,0,0,1,0,1,0,1,0
1,1,1,1,1,1,1,1,1
1,1,1,1,1,1,1,1,0
1,1,1,1,1,1,1,0,1
1,1,1,1,1,1,1,1,0
1,1,1,1,1,1,1,1,1
1,1,0,1,0,1,1,1,1
1,1,0,1,0,1,1,0,1
1,1,0,1,1,1,0,0,1
1,1,1,1,1,1,1,0,0
1,1,0,0,0,0,0,0,0
1,1,0,1,1,1,0,0,1
1,1,0,0,0,0,1,0,1
1,1,1,1,1,1,1,1,1
1,1,1,1,1,1,1,1,1
1,1,0,1,1,1,1,1,1
0,0,0,1,0,0,0,0,0
1,1,1,1,1,1,1,1,1
1,1,1,1,0,1,1,1,0
1,1,0,1,0,0,1,0,1
1,1,1,1,0,1,0,1,0
1,1,1,1,1,1,1,0,0
1,1,1,1,0,1,1,1,1
1,1,1,1,1,1,1,0,1
0,0,0,1,0,1,0,0,0
1,1,1,1,1,1,1,0,0
1,0,1,1,0,1,1,0,0
1,1,1,1,1,1,1,0,1
1,1,0,1,0,1,1,0,0
1,1,0,1,0,1,0,1,0
0,0,0,0,0,0,0,0,0
1,1,1,1,1,1,1,1,0
1,0,0,1,1,1,1,0,0
1,1,0,1,0,1,1,1,0
1,1,1,1,0,1,1,1,1
1,1,0,0,0,0,0,0,1
1,1,1,1,1,1,1,1,0
1,1,1,1,0,1,1,0,1
1,1,1,1,1,1,1,1,1
1,1,1,1,1,1,1,1,1
1,1,1,1,0,1,1,0,0
1,1,1,1,1,1,1,1,0
1,1,1,1,0,1,1,0,0
1,1,1,1,1,1,1,1,1
1,1,0,1,0,1,1,0,1
1,0,0,1,0,0,0,0,0
1,1,1,1,1,1,1,0,1
1,1,0,1,0,1,1,1,1
1,1,1,1,0,1,1,0,0
1,0,0,1,0,1,1,0,1
1,1,0,1,0,1,1,0,1
1,1,1,1,1,1,1,0,1
1,1,0,1,1,1,1,0,0
1,0,1,1,0,1,1,0,0
0,0,0,0,0,0,0,0,1
1,1,0,1,0,1,1,0,1
1,1,1,1,1,1,1,1,1
1,1,1,1,1,1,1,1,1
1,1,1,1,1,1,1,1,0
1,1,0,1,0,1,1,0,0
1,1,0,1,0,1,1,0,1
1,1,1,1,1,1,1,1,0
1,1,1,1,1,1,1,1,1
1,1,1,1,1,1,1,1,0
1,1,1,1,1,1,1,1,1
1,1,1,1,1,1,1,1,1
0,0,0,1,0,1,1,1,1
0,0,0,0,0,0,0,0,1
1,1,0,1,0,1,1,0,0
0,0,0,0,0,0,0,0,0
1,1,1,1,1,1,1,0,1
1,1,1,1,1,1,1,0,1
1,1,1,1,1,1,1,1,1
1,1,0,1,1,1,1,0,0
1,1,1,1,1,1,1,1,1
1,1,1,1,1,1,1,1,1
1,1,0,1,1,1,0,0,1
1,0,0,1,0,0,1,0,0
1,1,1,1,0,1,1,1,1
1,1,0,1,0,1,1,1,1
1,1,1,1,1,1,1,1,0
1,1,0,1,0,1,1,1,1
1,1,1,1,0,1,1,1,1
1,1,0,1,1,1,1,0,1
1,1,0,1,0,1,1,1,1
1,1,0,0,0,1,1,0,1
1,1,1,1,1,1,1,1,1
1,1,1,1,1,1,1,1,1
1,1,1,1,0,1,1,1,1
1,1,1,1,1,1,1,0,1
1,1,0,1,1,1,1,1,0
0,0,0,1,0,0,1,0,0
1,1,0,1,1,1,1,0,0
1,1,0,1,0,1,1,0,1
1,1,0,1,0,1,1,0,1
1,1,1,1,0,1,1,1,0
1,1,1,1,1,1,1,1,1
1,0,1,1,0,1,1,0,0
1,1,0,1,0,0,1,0,0
1,1,0,1,0,1,1,0,1
1,1,1,1,1,1,1,0,1
1,1,1,1,1,1,1,1,1
1,0,0,0,0,0,0,0,0
1,1,1,1,1,1,1,1,1
1,1,1,1,1,1,0,0,0
1,0,0,1,0,0,0,0,0
1,1,1,1,1,1,1,0,0
1,1,0,0,0,1,0,0,0
1,1,1,1,1,1,1,0,1
1,1,0,1,0,1,1,1,1
1,1,0,1,0,1,0,0,1
1,1,0,1,0,1,1,1,1
1,0,0,1,0,0,1,0,0
1,1,1,1,1,1,1,0,0
0,0,1,1,0,0,0,1,0
1,1,1,1,1,1,1,1,1
1,0,0,1,0,0,0,0,0
0,0,0,1,0,1,0,0,0
1,1,1,1,1,1,1,1,1
1,1,1,1,1,1,1,0,1
1,0,0,1,0,1,1,0,0
1,1,1,1,1,1,1,0,1
0,0,0,0,0,0,0,0,0
1,1,1,1,1,1,1,0,0
0,0,0,0,0,0,0,0,0
1,1,0,1,0,1,1,0,0
1,1,1,1,1,1,1,1,1
1,1,1,1,1,1,1,1,1
1,1,0,1,1,1,1,0,1
1,1,0,1,0,1,1,0,1
0,1,0,0,0,0,0,1,0
1,1,1,1,1,1,1,1,1
1,1,1,1,1,1,1,0,0
1,1,0,1,1,1,1,1,1
0,0,0,0,0,0,0,0,0
1,1,0,1,0,1,1,1,0
1,1,1,1,1,1,1,0,0
1,1,1,1,1,1,1,1,1
1,1,0,1,0,1,0,1,1
0,0,0,1,0,0,1,0,0
1,1,1,1,0,1,1,1,1
1,1,0,1,0,1,1,0,1
1,1,0,1,0,1,1,0,0
1,0,0,1,0,1,0,0,0
1,1,0,1,1,1,1,1,0
1,1,1,1,1,1,1,0,0
1,1,0,1,1,1,0,0,0
1,1,1,1,1,1,1,0,0
1,1,0,1,1,1,1,0,1
1,1,1,1,1,1,1,0,1
1,1,1,1,1,1,1,1,1
1,1,1,1,0,1,1,0,0
0,0,0,0,0,0,0,0,0
1,1,0,1,0,0,1,0,0
1,1,0,1,0,1,1,1,0
1,0,0,1,0,1,1,1,0
1,1,1,1,1,1,1,0,0
1,1,1,1,1,1,1,0,1
0,1,0,0,0,0,0,0,1
1,1,0,1,0,1,1,1,1
1,1,0,1,1,1,1,1,0
1,1,1,1,1,1,1,0,1
1,1,1,1,1,1,1,0,0
1,0,0,1,0,1,0,0,0
1,1,0,1,0,1,1,1,1
1,1,1,1,1,1,1,1,1
1,1,0,1,0,0,1,0,0
1,1,0,1,0,1,1,1,0
1,1,0,1,1,1,1,1,0
1,1,0,1,1,1,1,1,0
1,1,1,1,1,1,1,1,1
1,1,0,0,0,0,1,0,1
1,1,0,1,1,1,1,0,1
1,1,0,1,0,1,1,0,0
1,0,0,1,0,0,1,0,0
1,1,1,1,1,1,1,1,1
1,1,1,1,1,1,1,1,1
0,0,0,0,0,1,0,0,0
1,1,1,1,0,1,0,0,1
1,1,0,0,0,0,1,1,1
1,1,1,1,1,1,1,0,0
1,1,1,1,1,1,1,0,1
1,1,0,1,0,1,1,1,0
1,1,0,1,0,1,1,1,1
1,1,0,1,1,1,1,0,0
1,0,0,1,0,1,0,0,1
1,1,0,1,0,1,1,1,1
1,1,0,1,0,1,0,0,0
1,1,0,1,0,1,1,1,0
1,0,1,1,0,1,1,0,0
1,1,0,1,1,1,1,1,1
1,1,0,1,1,1,1,1,0
1,1,1,1,0,1,1,0,0
1,1,0,1,1,1,1,1,0
0,0,0,1,0,0,0,1,0
1,1,1,1,1,1,1,1,1
1,1,0,1,0,1,1,0,1
1,0,1,1,0,1,1,0,0
1,1,0,1,0,1,1,1,0
1,1,1,1,1,1,1,1,0
1,1,0,1,1,1,1,1,0
1,0,0,1,0,0,1,0,0
1,0,1,1,0,0,1,0,0
1,1,1,1,1,1,1,1,1
1,1,1,1,1,1,1,0,1
1,1,0,1,0,1,1,1,1
1,1,1,1,1,1,1,0,1
1,1,1,1,1,1,1,0,1
1,1,0,1,0,1,1,1,1
0,0,0,1,0,0,0,0,0
1,1,1,1,0,1,1,0,1
1,1,1,1,0,1,1,1,1
0,0,0,1,0,1,0,0,0
1,1,0,1,0,1,1,0,0
1,0,1,1,0,1,1,0,0
1,1,1,1,0,1,1,0,1
1,1,0,0,0,0,0,0,1
1,1,0,1,0,1,1,0,1
1,1,0,1,0,1,1,0,1
1,1,0,1,0,1,1,1,1
1,1,0,1,1,1,1,1,1
0,0,0,0,0,0,0,0,0
1,1,0,1,0,1,0,0,1
1,1,0,1,0,1,1,0,0
1,1,0,1,0,1,1,0,0
1,0,0,0,0,0,0,0,1
0,0,0,0,0,0,0,0,0
1,1,1,1,1,1,1,1,1
1,1,1,1,1,1,1,1,1
1,1,1,1,0,1,1,0,0
0,0,0,0,0,1,0,0,0
1,1,1,1,1,1,1,1,1
1,1,0,0,0,0,1,0,1
0,0,1,1,0,1,1,0,0
1,1,0,1,1,1,1,1,1
1,1,1,1,1,1,1,1,1
1,1,0,1,0,1,1,0,0
1,1,0,0,0,1,0,0,0
1,1,1,1,1,1,1,1,1
1,1,1,1,0,1,1,0,0
1,1,0,1,0,1,1,0,1
1,1,1,1,1,1,1,0,1
1,0,0,1,0,1,1,1,0
1,1,1,1,1,1,1,0,0
1,1,0,0,0,1,0,0,1
1,1,1,1,1,1,1,0,1
1,1,1,1,1,1,1,1,0
1,1,0,1,0,1,1,0,0
1,1,1,1,0,1,1,0,1
1,0,1,1,0,1,1,1,0
1,1,0,1,0,1,1,0,0
1,1,0,1,1,1,1,0,1
1,1,1,1,1,1,1,0,0
1,1,1,1,1,1,1,1,1
1,0,0,1,0,1,1,0,0
1,1,0,1,0,1,1,0,0
1,1,0,1,0,0,0,0,0
1,1,0,1,0,1,1,0,0
1,1,1,1,0,1,1,1,1
1,1,0,0,0,0,0,0,1
1,1,1,1,1,1,1,1,1
1,1,1,1,1,1,1,0,0
1,1,0,0,0,0,1,0,1
0,1,0,0,0,0,0,0,0
1,1,1,1,1,1,1,1,1
1,1,1,1,1,1,1,1,0
1,1,0,1,1,1,1,1,1
1,1,1,1,1,1,1,0,1
1,1,0,1,0,1,0,1,1
0,1,1,1,1,1,1,1,0
1,1,0,1,1,1,1,1,0
1,1,1,1,1,1,1,1,0
1,0,1,1,0,1,1,0,0
1,1,0,1,1,1,1,1,1
1,1,1,1,0,1,1,0,1
1,0,0,1,0,1,1,0,0
1,1,0,1,1,1,1,1,1
1,1,1,1,0,1,1,1,1
1,1,1,1,1,1,1,1,1
1,1,1,1,1,1,1,0,0
1,1,0,1,1,1,1,1,0
1,1,1,1,1,1,1,1,0
1,0,0,1,0,1,0,0,0
1,1,1,1,0,1,1,0,0
1,1,1,1,0,1,1,1,0
0,0,0,1,0,0,1,0,0
1,1,0,1,1,1,1,0,0
1,1,0,1,1,1,1,1,1
1,1,0,1,0,1,1,1,1
1,1,1,1,1,1,1,1,1
1,0,0,1,0,0,1,0,0
1,1,1,1,1,1,1,1,1
1,0,0,1,0,1,1,1,1
1,1,1,1,1,1,1,1,1
1,0,1,1,1,1,1,0,0
0,0,1,1,0,0,0,0,0
1,1,0,1,0,0,1,0,1
1,1,0,1,1,1,1,1,0
1,1,0,1,1,1,1,1,1
1,1,1,1,1,1,1,1,0
1,1,1,1,1,1,1,0,0
1,1,1,1,0,1,0,0,0
1,1,1,1,1,1,0,0,0
1,1,1,1,0,1,1,0,0
1,0,1,1,0,1,1,0,0
1,1,1,1,1,1,1,1,1
1,1,1,1,0,1,1,0,1
0,0,0,1,1,1,1,0,0
1,0,0,1,0,0,0,0,1
1,1,1,1,1,1,1,1,1
0,0,0,0,0,0,0,0,0
1,1,1,1,1,1,1,1,1
1,1,0,0,0,1,0,0,1
1,1,0,0,0,0,0,0,0
1,1,0,1,0,1,1,0,0
1,1,0,1,0,1,1,0,1
1,1,0,1,0,1,1,0,0
1,1,0,0,0,0,0,0,0
0,0,0,1,1,1,1,1,0
1,1,1,1,0,1,1,0,0
1,1,1,1,1,1,1,0,1
1,1,1,1,1,1,1,0,0
1,1,0,1,0,1,1,1,0
1,1,1,1,1,1,1,1,1
1,1,1,1,1,1,0,0,0
1,1,0,1,1,1,1,1,1
1,1,0,1,1,1,1,1,1
1,1,0,1,1,1,1,1,1
1,1,0,1,0,1,1,0,1
1,1,1,1,1,1,1,1,1
0,0,0,0,0,0,0,0,0
0,1,0,0,1,1,1,1,1
1,1,1,1,1,1,1,0,0
0,0,0,1,0,0,0,0,0
1,1,1,1,1,1,1,0,0
0,0,0,0,0,0,1,0,0
1,1,0,1,1,1,1,0,1
1,1,0,0,0,0,0,0,1
1,1,0,1,0,1,1,0,1
1,1,0,1,0,1,1,1,1
1,1,0,1,0,0,1,0,0
1,1,0,1,0,1,1,0,1
1,1,1,1,1,1,1,1,1
1,1,0,1,0,1,1,0,1
0,0,0,0,0,0,0,0,1
0,0,0,0,0,0,0,0,0
1,1,0,1,1,1,1,1,1
1,1,0,1,1,1,1,1,1
1,1,0,0,0,1,0,0,1
1,1,1,1,1,1,1,1,1
1,1,1,1,1,1,1,1,0
1,1,0,1,1,1,1,0,1
1,1,0,1,1,1,1,0,0
1,1,1,1,0,1,1,0,1
1,0,0,0,0,0,1,0,0
1,1,1,1,1,1,1,1,1
1,1,1,1,0,1,1,1,0
1,1,1,1,1,1,1,1,1
1,1,0,1,1,1,1,1,1
1,1,1,1,1,1,1,0,1
1,1,0,1,0,1,1,1,1
1,1,0,1,1,1,1,1,1
1,1,0,1,0,1,1,0,1
1,1,0,0,0,0,0,0,0
1,1,0,1,1,1,1,0,1
1,1,1,1,1,1,1,0,1
1,1,0,1,0,1,1,0,1
1,1,0,1,0,0,1,1,1
1,1,1,1,1,1,1,1,1
1,1,1,1,1,1,1,0,1
1,1,1,1,0,1,1,0,1
1,1,0,1,0,1,1,0,1
1,1,0,1,0,0,1,0,1
1,1,1,1,1,1,1,0,1
1,1,0,1,1,1,1,0,1
1,1,1,1,1,1,1,0,1
1,1,1,1,1,1,1,1,1
1,1,0,0,0,0,1,0,1
1,1,0,1,0,1,1,0,1
1,1,0,1,0,1,1,0,1
1,1,1,1,0,1,1,1,1
1,1,1,1,1,1,1,1,1
1,1,1,1,1,1,1,1,0
1,1,1,1,1,1,1,1,1
1,1,1,1,1,1,1,1,0
1,1,0,1,0,1,1,0,1
1,1,0,1,0,1,0,0,1
1,1,0,1,1,1,1,1,1
1,1,0,1,0,1,1,0,1
1,1,1,1,1,1,1,0,1
1,1,0,1,0,1,1,1,1
1,1,0,1,0,1,1,0,1
1,1,0,0,0,1,0,0,1
1,1,0,1,1,1,1,0,1
1,1,0,1,0,1,1,0,1
1,1,1,1,1,1,1,0,1
1,1,0,1,0,1,1,0,1
1,1,0,1,0,1,1,0,1
1,1,0,1,0,1,1,0,1
1,1,0,1,0,1,1,1,1
1,1,0,1,0,1,1,0,1
1,0,0,0,0,0,0,0,1
1,0,0,0,0,0,0,0,0
1,0,0,0,0,0,0,0,1
1,0,0,0,0,0,0,0,1
1,1,1,1,0,1,1,1,1
1,1,0,1,0,1,1,0,0
1,1,1,1,0,1,1,0,1
1,1,1,1,1,1,1,0,1
1,1,0,0,0,1,1,0,1
1,1,1,1,1,1,1,1,1
1,1,0,1,0,0,0,0,1
1,1,1,1,1,1,1,1,1
1,1,0,1,0,0,1,0,0
1,1,1,1,1,1,1,1,1
1,1,1,1,1,1,1,0,1
1,1,0,1,0,0,1,0,1
1,1,1,1,1,1,1,1,1
1,1,1,1,1,1,1,1,1
1,1,1,1,1,1,1,1,1
1,1,0,1,0,1,1,1,1
1,1,0,1,0,1,1,0,1
1,1,1,1,1,1,1,0,1
1,1,1,1,1,1,1,1,1
1,1,1,1,1,1,1,1,1
1,1,1,1,1,1,1,1,0
1,1,0,1,0,1,1,1,1
1,1,0,0,0,0,1,1,1
1,1,1,1,1,1,1,0,1
1,1,1,1,1,1,1,1,1
1,1,0,1,0,1,0,1,1
1,1,1,1,1,1,1,1,1
1,1,1,1,0,1,1,1,1
1,1,0,1,0,0,1,0,1
1,1,0,1,0,1,1,1,1
1,1,0,1,0,1,1,0,1
1,1,0,1,1,1,1,1,1
1,1,0,1,0,0,1,0,1
1,1,1,1,1,1,1,1,1
1,1,1,1,1,1,1,0,1
1,1,1,1,1,1,1,1,1
1,1,1,1,1,1,1,1,1
1,0,0,1,0,0,0,0,0
1,1,0,0,0,1,1,0,1
1,1,0,0,0,0,0,0,1
1,1,1,1,1,1,1,0,1
1,1,0,1,0,1,1,0,1
1,1,0,1,0,1,1,0,1
1,0,0,1,0,0,1,0,0
1,0,1,1,0,0,1,0,0
1,1,0,1,0,1,1,1,1
1,1,1,1,1,1,1,1,1
1,1,1,1,1,1,1,1,1
1,1,0,1,0,1,1,0,1
1,1,0,1,0,0,1,1,1
1,1,1,1,1,1,1,1,1
1,1,0,1,0,1,1,1,1
1,1,1,1,1,1,1,0,1
1,1,0,1,0,1,1,1,0
1,1,0,1,1,1,0,0,1
1,1,1,1,1,1,1,1,1
1,1,1,1,1,1,1,1,1
1,1,1,1,1,1,1,0,1
1,1,1,1,1,1,1,1,1
1,1,0,1,0,1,1,1,1
1,1,0,1,0,1,1,1,1
1,1,1,1,1,1,1,0,1
1,1,1,1,1,1,1,1,1
1,1,0,1,0,1,0,0,1
1,1,0,1,0,1,1,0,1
1,1,0,1,0,0,1,0,1
1,1,0,1,0,1,1,0,1
1,1,1,1,0,1,1,1,1
1,1,0,0,0,1,0,0,1
1,1,0,1,0,1,1,0,1
0,0,0,0,0,0,1,0,0
1,1,1,1,1,1,1,1,1
1,1,1,1,0,1,1,1,1
1,1,1,1,1,1,1,0,1
1,1,1,1,1,1,1,1,1
1,1,0,0,0,0,0,0,0
1,1,0,1,0,1,1,1,1
1,1,1,1,1,1,1,1,1
1,0,0,1,0,1,0,0,0
1,1,1,1,0,1,1,0,1
0,0,1,1,0,1,0,0,0
1,1,1,1,0,1,1,0,0
1,1,1,1,1,1,1,0,0
1,1,0,1,0,1,1,0,1
1,1,1,1,1,1,1,1,1
0,0,0,1,0,0,0,0,0
1,0,0,1,0,1,1,0,0
0,0,0,1,0,0,1,0,0
1,0,0,0,0,0,0,0,1
1,1,1,1,1,1,1,1,1
1,1,1,1,0,1,1,0,1
1,1,0,1,0,1,1,0,1
1,1,1,1,1,1,1,1,1
1,1,1,1,1,1,1,1,0
1,1,0,1,0,0,1,0,1
1,0,1,1,0,1,1,0,0
1,1,0,1,0,0,0,0,0
1,1,0,1,0,0,1,0,1
1,1,0,1,0,1,1,1,1
1,1,1,1,1,1,1,1,1
1,0,0,1,0,0,1,0,0
1,1,0,1,0,0,1,0,1
1,1,0,0,0,1,1,0,1
1,1,1,1,1,1,1,1,0
1,0,0,1,0,0,1,0,0
1,1,0,1,1,1,0,1,1
1,1,1,1,1,1,1,0,0
0,0,0,0,0,0,0,0,0
0,0,0,0,0,0,0,0,0
1,1,1,1,0,1,1,0,1
1,1,1,1,0,1,1,0,1
1,1,1,1,0,1,1,0,0
1,1,1,1,1,1,1,1,1
1,1,0,1,0,1,0,0,1
1,1,1,1,1,1,1,0,0
1,1,1,1,0,1,1,0,0
1,1,1,1,1,1,1,1,1
0,0,0,1,0,0,0,0,0
1,1,0,1,1,1,1,1,1
1,1,1,1,1,1,1,1,1
1,1,1,1,1,1,1,1,0
1,1,1,1,1,1,1,0,1
0,0,0,0,0,1,0,0,0
0,0,0,0,0,0,0,1,0
1,1,0,1,0,1,1,0,0
1,0,0,1,0,0,1,0,0
1,1,1,1,0,1,1,0,1
1,0,1,1,0,1,1,1,0
1,1,0,1,0,1,1,1,1
0,0,0,0,0,0,0,0,0
0,0,0,0,0,1,1,0,0
1,1,0,1,0,1,1,0,0
1,1,1,1,0,1,1,0,1
1,1,1,1,1,1,1,0,0
1,1,1,1,1,1,1,0,0
0,0,0,0,0,1,1,1,0
1,1,1,1,1,1,1,1,1
1,1,0,1,0,1,1,0,0
0,0,0,0,0,0,0,0,0
1,1,1,1,1,1,1,1,0
1,1,0,1,0,1,1,0,1
1,1,1,1,1,1,1,1,1
1,1,1,1,1,1,1,0,1
1,1,1,1,1,1,1,1,1
1,1,1,1,1,1,1,1,1
0,0,0,1,0,1,1,1,0
1,1,1,1,1,1,1,1,1
1,1,1,1,1,1,1,1,1
1,1,1,1,0,1,1,0,0
1,1,1,1,1,1,1,1,1
1,1,1,1,1,1,1,1,0
1,1,0,1,1,1,1,1,1
1,1,0,1,0,1,1,0,1
1,1,0,1,1,1,1,1,0
1,1,1,1,1,1,1,1,1
1,1,0,1,1,1,1,1,1
1,0,0,1,0,1,1,0,1
1,1,0,1,1,1,1,1,1
1,1,0,1,0,1,1,0,1
1,1,0,1,0,1,1,0,0
1,1,1,1,1,1,1,1,1
1,1,1,1,1,1,1,0,1
0,0,0,0,0,0,0,0,1
1,1,1,1,1,1,1,0,1
1,1,1,1,1,1,1,0,0
1,1,1,1,1,1,1,0,1
1,0,0,1,0,1,0,1,0
1,1,1,1,1,1,1,0,1
1,0,0,1,0,1,1,0,1
1,0,0,0,0,0,0,0,0
1,1,1,1,1,1,1,0,1
1,1,0,1,1,1,1,0,1
1,1,1,1,1,1,1,0,1
1,1,0,1,0,1,1,1,0
1,1,1,1,1,1,1,0,1
1,1,0,1,0,1,1,0,1
1,1,1,1,0,1,1,0,1
1,1,0,0,0,0,0,0,1
1,0,0,1,0,1,1,0,0
1,1,1,1,1,1,1,1,1
0,0,0,1,0,0,1,0,0
1,1,0,1,1,1,1,1,1
1,1,0,1,1,1,1,0,1
1,1,1,1,1,1,1,0,1
1,0,0,0,0,0,1,1,0
1,1,1,1,1,1,1,1,1
1,1,1,1,0,1,1,0,1
1,0,1,1,1,1,1,1,0
1,1,1,1,1,1,1,0,1
1,0,0,1,0,1,1,0,0
1,1,0,1,0,1,1,0,0
1,1,1,1,1,1,1,0,1
1,1,0,0,0,0,1,0,1
1,1,1,1,1,1,1,0,0
1,1,1,1,1,1,1,0,1
1,1,0,1,0,1,1,1,1
1,0,0,1,0,1,1,1,0
1,1,1,1,1,1,1,1,1
1,1,1,1,1,1,1,1,1
0,0,0,0,0,0,0,0,0
1,1,1,1,1,1,1,0,1
1,1,1,1,1,1,1,1,1
1,1,1,1,1,1,1,1,1
0,0,0,0,0,0,0,0,0
1,1,0,1,0,1,1,0,0
1,1,0,1,0,1,1,1,0
1,1,1,1,1,1,1,1,0
1,0,0,1,0,0,1,0,0
1,1,0,1,1,1,1,1,0
1,1,0,1,0,1,1,0,1
1,1,1,1,0,1,1,0,1
1,0,0,1,0,1,1,1,0
1,1,1,1,1,1,1,1,1
1,1,0,1,0,1,1,0,0
0,0,0,0,0,0,0,0,0
1,1,1,1,1,1,1,1,0
1,1,0,1,0,1,1,1,1
1,1,1,1,1,1,1,1,0
0,0,0,0,0,0,0,0,0
1,1,1,1,1,1,1,0,1
1,1,0,1,1,1,1,0,1
1,0,0,1,0,0,1,1,0
1,1,1,1,1,1,1,0,0
1,1,1,1,1,1,1,1,1
1,1,0,1,0,1,1,0,0
1,1,1,1,1,1,1,0,0
1,1,1,1,1,1,1,1,1
1,1,1,1,0,1,1,0,0
0,0,0,0,0,1,0,1,0
1,1,0,1,1,1,1,1,1
1,0,0,0,0,0,0,0,1
1,1,1,1,1,1,1,1,1
0,0,0,0,0,0,0,0,0
1,1,1,1,1,1,1,1,1
1,1,1,1,1,1,1,1,1
1,1,0,1,0,1,1,0,0
1,1,0,1,0,1,1,0,1
0,0,0,0,0,0,0,0,1
1,1,1,1,1,1,1,1,1
1,0,0,1,0,1,1,0,0
1,1,1,1,1,1,1,0,0
1,0,0,1,0,0,1,0,1
1,1,1,1,1,1,1,0,1
1,1,1,1,1,1,1,0,0
1,1,1,1,1,1,1,0,0
1,1,1,1,0,1,1,0,0
1,1,1,1,1,1,1,1,1
1,1,1,1,1,1,1,1,1
0,0,0,0,0,0,0,0,0
1,1,1,1,1,1,1,1,0
1,1,0,1,0,1,1,0,1
1,1,1,1,0,1,1,0,0
1,1,1,1,1,1,1,0,1
1,1,1,1,1,1,1,1,1
1,1,1,1,0,1,1,0,1
1,1,1,1,1,1,1,1,1
1,0,0,1,0,1,0,0,0
1,1,1,1,1,1,1,1,0
1,1,1,1,1,1,0,0,0
1,1,1,1,1,1,1,1,0
1,1,1,1,1,1,1,1,1
1,1,1,1,1,1,1,1,1
1,0,0,1,0,1,1,0,0
1,1,1,1,1,1,1,1,1
1,1,1,1,1,1,1,0,0
1,1,1,1,1,1,1,1,1
1,1,1,1,1,1,1,0,1
1,1,1,1,1,1,1,0,1
1,1,1,1,1,1,1,1,1
1,1,0,1,1,1,1,1,0
1,1,1,1,1,1,1,1,0
1,1,1,1,1,1,1,1,0
1,1,1,1,1,1,1,1,1
1,1,1,1,1,1,1,1,0
1,1,1,1,1,1,1,1,0
1,1,0,1,0,1,0,0,0
0,0,0,1,0,1,1,1,0
1,1,0,1,0,1,1,0,0
0,0,0,0,0,0,0,0,0
1,1,1,1,1,1,1,0,1
1,1,1,1,0,1,1,0,0
1,1,0,0,0,0,0,0,1
1,0,0,1,0,0,1,0,0
1,1,1,1,1,1,1,0,1
1,1,1,1,1,1,1,1,1
1,0,0,1,0,1,1,0,0
1,1,0,1,1,1,1,0,0
0,0,0,0,0,0,0,0,0
1,1,1,1,1,1,1,0,1
1,0,0,1,0,1,1,0,0
1,1,0,1,0,1,1,0,1
1,1,1,1,0,1,1,0,0
1,1,1,1,1,1,1,0,1
1,1,1,1,1,1,1,1,1
1,1,1,1,1,1,1,1,1
1,1,1,1,1,1,1,1,1
1,1,1,1,1,1,1,1,1
1,1,1,1,1,1,1,0,1
1,1,1,1,1,1,1,1,1
1,0,0,1,0,1,1,0,1
1,1,1,1,1,1,1,1,0
0,0,0,0,0,0,0,0,1
1,1,1,1,1,1,1,0,1
1,1,0,0,0,1,1,0,1
1,1,1,1,1,1,1,0,1
1,1,1,1,0,1,1,0,1
0,0,0,1,0,0,0,1,0
1,0,0,1,0,1,1,0,0
1,1,0,1,1,1,1,1,1
1,1,1,1,1,1,1,1,0
1,1,1,1,0,1,1,1,1
1,1,0,1,0,1,1,0,1
1,0,0,0,0,0,0,0,1
1,1,0,1,0,0,1,0,1
1,0,0,1,0,1,1,0,0
1,1,0,1,1,1,1,1,0
0,0,0,0,0,0,0,0,1
1,1,0,1,0,1,1,1,0
1,1,1,1,1,1,1,1,0
1,1,1,1,1,1,1,1,1
1,1,1,1,1,1,1,0,1
1,1,1,1,1,1,1,0,0
0,0,0,0,0,0,1,0,0
0,0,0,0,0,0,0,0,0
0,0,0,0,0,0,0,0,0
1,0,0,0,0,0,0,0,1
1,1,1,1,1,1,1,0,1
1,1,0,1,0,0,1,0,1
1,1,1,1,1,1,1,0,1
0,0,0,0,0,0,0,0,0
1,1,1,1,1,1,1,0,1
1,0,0,1,0,0,0,0,0
0,0,0,0,0,0,0,0,0
1,1,0,1,1,1,1,0,0
1,0,0,1,0,1,1,0,0
0,0,0,0,0,0,0,0,0
1,1,1,1,1,1,1,1,1
1,1,0,1,0,1,1,1,1
1,1,0,0,0,1,0,0,1
1,1,0,1,0,1,0,0,0
1,0,0,1,0,0,0,0,0
1,1,0,1,0,0,1,0,1
0,0,0,1,0,0,0,0,0
1,1,0,1,0,1,1,0,0
0,0,1,1,1,1,1,1,0
1,1,0,1,0,1,1,1,1
1,1,1,1,0,0,1,0,1
1,1,0,1,0,1,1,0,1
1,1,1,1,1,1,1,1,1
1,1,0,1,1,1,1,1,1
1,1,0,1,0,1,1,0,1
1,1,1,1,1,1,1,1,0
1,1,1,1,1,1,1,0,1
1,1,1,1,1,1,1,1,1
1,1,0,1,1,1,1,0,1
1,0,0,1,0,1,1,0,1
1,1,1,1,0,1,1,1,1
1,0,0,1,0,1,0,1,0
1,1,1,1,1,1,1,1,0
0,0,0,1,0,0,1,0,1
1,1,0,1,0,0,1,0,1
1,1,0,1,1,1,1,1,1
1,0,0,1,0,1,1,0,0
1,0,0,1,0,1,1,1,0
1,1,1,1,1,1,1,1,1
0,0,0,1,0,0,1,1,0
1,1,1,1,1,1,1,0,1
1,1,0,1,1,1,1,0,1
1,1,1,1,1,1,1,1,1
0,0,0,1,0,0,1,0,0
1,1,1,1,1,1,1,1,1
1,1,1,1,1,1,1,1,1
1,1,0,1,1,1,1,1,0
1,0,0,1,0,1,1,0,0
1,1,0,1,0,1,1,1,1
1,1,1,1,0,1,1,0,0
1,1,1,1,1,1,1,1,0
1,1,1,1,1,1,1,1,0
1,1,0,1,0,1,1,1,0
1,1,0,1,0,1,1,1,1
1,1,0,1,1,1,1,1,1
1,1,0,1,0,1,1,0,1
1,1,1,1,1,1,1,1,1
1,1,0,1,0,0,1,0,1
1,1,0,1,0,1,1,0,1
0,0,0,1,0,0,1,0,0
1,1,1,1,0,1,1,0,1
1,0,0,0,0,0,1,0,1
1,1,1,1,1,1,1,0,1
1,1,0,1,1,1,1,1,1
1,1,0,1,0,1,1,0,0
1,1,0,1,1,1,1,1,0
1,1,1,1,1,1,1,1,1
1,1,1,1,1,1,1,0,0
0,0,0,0,0,0,0,0,0
1,0,1,1,1,1,1,1,0
1,1,1,1,1,1,1,1,1
1,0,0,1,0,1,1,0,0
1,1,1,1,0,1,1,0,0
1,1,0,1,0,0,1,0,1
1,1,0,1,0,1,1,0,1
1,0,0,0,0,0,0,0,0
1,1,1,1,1,1,1,1,1
1,1,1,1,1,1,1,1,1
1,1,0,1,1,1,1,1,1
1,1,1,1,0,1,1,0,1
1,1,1,1,1,1,1,1,1
1,1,0,1,0,1,1,1,0
1,1,0,1,0,1,0,0,1
1,1,1,1,1,1,1,1,1
1,1,0,1,1,1,1,1,1
0,0,0,1,0,0,0,0,0
1,0,0,1,0,1,1,1,1
1,0,0,1,0,0,1,0,0
1,1,0,1,0,1,1,0,1
1,1,1,1,0,1,1,0,1
1,1,1,1,0,1,1,0,0
1,1,1,1,0,1,1,0,1
1,1,1,1,0,1,1,0,0
1,1,0,1,1,1,1,0,0
0,0,0,0,0,0,0,0,0
1,1,1,1,1,1,1,1,1
1,1,1,1,1,1,1,1,0
1,1,1,1,0,1,1,0,0
1,1,0,1,1,1,1,0,0
1,0,0,1,0,1,1,0,0
1,0,1,1,0,0,1,0,0
0,1,0,0,0,0,0,0,1
1,1,1,1,1,1,1,1,1
1,1,1,1,1,1,1,1,0
1,1,1,1,1,1,1,0,0
1,0,1,1,0,1,1,0,0
0,0,0,0,0,0,0,0,0
1,1,1,1,1,1,1,1,1
1,1,1,1,1,1,1,1,1
1,1,1,1,0,1,1,0,1
1,1,1,1,1,1,1,1,0
1,1,0,1,0,1,1,0,0
1,1,1,1,0,1,1,1,1
1,1,1,1,1,1,1,1,1
1,1,1,1,1,1,1,1,0
1,1,0,1,0,1,1,1,1
1,1,0,1,0,1,1,0,0
1,1,1,1,0,1,1,0,1
1,1,0,1,1,1,1,0,1
0,0,0,0,0,0,1,0,1
1,1,1,1,1,1,1,1,0
1,1,0,1,0,1,1,0,0
1,1,0,1,0,0,0,0,0
1,1,1,1,1,1,1,1,1
1,1,1,1,0,1,1,0,0
1,1,1,1,1,1,1,1,0
1,1,1,1,1,1,1,0,1
1,1,1,1,0,1,1,0,0
1,1,1,1,1,1,1,1,1
1,1,1,1,0,1,0,1,0
1,1,1,1,1,1,1,1,1
1,1,0,1,1,1,1,1,0
1,1,1,1,1,1,1,0,1
1,1,1,1,0,1,1,0,0
1,1,1,1,1,1,1,1,0
1,1,0,0,0,0,0,0,1
1,1,1,1,1,1,1,0,0
1,1,1,1,0,1,1,0,1
1,1,1,1,1,1,1,1,0
1,1,1,1,1,1,1,1,0
1,1,0,1,1,1,1,0,1
1,1,0,1,0,1,1,0,1
1,1,1,1,1,1,1,1,0
1,1,0,1,1,1,1,0,1
1,1,0,1,0,1,1,0,1
1,1,1,1,1,1,1,1,0
1,1,0,1,0,1,1,1,0
0,0,0,0,0,0,0,0,0
1,1,0,1,0,1,1,0,0
0,0,0,0,0,0,1,0,0
1,1,1,1,1,1,1,0,1
1,0,1,1,0,1,0,0,0
1,0,0,1,0,1,0,0,0
1,1,1,1,1,1,1,1,0
1,1,1,1,0,1,0,0,0
1,1,0,1,1,1,1,1,1
1,1,1,1,1,1,1,0,0
1,1,1,1,1,1,1,1,0
1,0,0,1,0,1,0,0,0
1,1,1,1,1,1,1,1,0
1,1,1,1,0,1,1,0,0
1,1,1,1,0,1,1,1,0
1,1,0,1,0,1,1,1,0
1,1,0,1,0,1,1,0,0
1,1,1,1,1,1,1,1,1
1,1,1,1,1,1,1,1,0
1,1,0,1,0,1,1,0,0
1,1,0,1,0,1,1,0,1
1,1,1,1,1,1,1,0,0
1,1,1,1,1,1,1,1,0
1,1,0,1,0,1,1,0,0
1,1,1,1,1,1,1,0,0
1,1,1,1,1,1,1,0,0
0,0,0,1,0,0,0,0,1
1,1,1,1,0,1,1,1,1
1,1,1,1,1,1,1,0,1
1,1,1,1,1,1,1,0,0
1,1,1,1,1,1,1,1,0
1,1,1,1,1,1,1,0,0
1,1,1,1,1,1,1,1,1
1,1,1,1,1,1,1,1,0
1,0,0,0,0,1,0,0,0
1,1,0,1,0,1,1,1,0
1,1,1,1,1,1,1,1,0
1,1,1,1,1,1,1,0,0
1,1,0,1,1,1,1,0,1
1,1,1,1,0,1,0,0,0
1,1,1,1,1,1,1,1,1
1,1,1,1,1,1,1,1,1
1,1,1,1,1,1,1,1,1
1,1,0,1,0,1,1,1,1
1,1,1,1,1,1,1,0,1
1,1,1,1,1,1,1,1,1
1,0,0,1,0,1,1,0,0
1,1,0,0,0,1,0,0,1
1,1,1,1,1,1,1,0,0
1,1,1,1,1,1,1,0,1
1,1,1,1,1,1,1,1,0
1,1,1,1,1,1,1,1,0
1,1,1,1,1,1,1,1,1
1,1,1,1,1,1,1,1,1
1,0,0,1,0,1,1,1,0
1,1,1,1,1,1,1,1,0
1,1,0,0,0,0,1,0,0
1,1,1,1,0,1,1,0,0
1,1,1,1,1,1,1,0,1
1,1,0,1,0,1,1,1,1
1,1,1,1,1,1,1,0,0
1,1,1,1,1,1,1,1,0
1,1,0,1,1,1,1,0,1
1,0,0,1,0,1,1,0,0
1,1,1,1,1,1,1,0,1
1,0,1,1,0,1,0,1,0
1,1,0,1,0,1,1,1,0
1,0,0,0,0,1,1,0,0
1,1,0,1,0,1,1,0,1
1,1,0,1,0,1,1,0,0
1,1,1,1,1,1,1,1,0
1,1,0,1,0,1,0,0,1
1,1,1,1,1,1,1,0,0
1,1,1,1,1,1,1,1,1
0,0,0,0,0,0,0,0,0
1,1,1,1,1,1,1,1,1
1,1,1,1,0,1,1,0,0
1,1,1,1,1,1,1,1,0
1,1,1,1,0,1,0,0,1
1,1,1,1,1,1,1,1,1
1,1,0,1,1,1,1,0,0
1,1,1,1,1,1,1,1,1
1,1,1,1,0,1,1,0,1
1,1,1,1,1,1,1,1,1
1,1,1,1,0,1,1,0,0
1,1,1,1,1,1,1,1,0
1,1,1,1,1,1,1,1,1
1,1,1,1,1,1,1,0,1
1,1,1,1,1,1,1,0,1
1,1,0,1,0,1,1,0,1
1,1,0,1,0,1,0,0,0
1,1,1,1,0,1,1,0,0
1,1,0,1,0,1,1,1,1
1,1,1,1,1,1,1,0,0
0,0,0,0,0,0,0,0,0
1,1,1,1,1,1,1,1,0
1,1,0,1,0,1,0,0,1
1,0,0,1,0,0,0,0,0
1,1,0,1,0,1,0,0,0
1,1,1,1,1,1,1,1,0
1,1,1,1,0,1,1,0,0
1,1,1,1,1,1,1,1,0
0,0,0,0,0,0,0,0,0
1,0,0,1,0,1,1,0,0
1,1,1,1,1,1,1,0,1
1,1,1,1,1,1,1,1,0
1,1,1,1,0,1,1,0,1
1,1,0,1,1,1,1,1,0
1,1,0,1,1,1,1,1,0
1,1,1,1,1,1,1,1,1
1,1,0,1,1,1,1,0,1
1,1,1,1,1,1,1,1,1
1,1,1,1,1,1,1,1,1
1,1,0,1,1,1,1,1,1
1,1,1,1,1,1,1,0,0
0,0,0,1,0,0,0,0,0
1,0,0,1,0,0,0,0,1
1,1,0,1,0,1,1,0,1
1,1,1,1,1,1,1,1,1
1,1,1,1,1,1,1,1,1
1,1,1,1,1,1,1,0,1
1,1,0,1,0,1,0,0,0
1,1,0,1,1,1,1,1,1
1,1,1,1,0,1,1,1,1
0,0,0,0,0,0,0,1,0
0,0,0,0,0,0,0,0,0
1,1,1,1,0,1,1,0,1
1,1,0,1,0,1,0,0,1
1,1,1,1,1,1,1,1,0
1,1,1,1,1,1,1,0,0
1,1,0,1,0,1,1,1,1
0,0,0,1,0,0,0,0,0
1,1,1,1,0,1,1,0,1
1,0,0,1,0,1,0,0,1
1,1,1,1,1,1,1,1,0
1,1,1,1,1,1,1,0,1
1,1,0,1,0,1,1,0,1
0,0,0,0,0,0,0,0,1
1,1,1,1,1,1,1,0,1
1,1,1,1,1,1,1,0,0
1,1,1,1,1,1,1,1,1
1,1,1,1,0,1,1,0,0
1,1,0,1,0,1,1,0,1
0,0,0,0,0,1,1,0,0
1,1,0,1,0,1,1,0,0
1,1,0,1,0,1,1,0,0
1,1,0,1,0,1,1,0,0
1,1,0,1,1,1,1,1,0
1,1,0,1,0,1,1,0,0
1,1,0,1,0,1,1,0,0
1,0,0,1,0,0,1,0,1
1,1,0,1,0,1,1,1,0
1,1,1,1,1,1,1,0,0
1,1,0,1,1,1,1,1,1
1,1,0,1,1,1,1,0,0
0,0,0,0,0,1,1,0,0
1,1,1,1,1,1,1,0,0
1,1,1,1,1,1,1,1,1
1,1,0,0,0,0,0,0,1
1,1,0,1,0,1,0,0,1
1,1,1,1,1,1,1,1,1
1,1,1,1,1,1,1,0,1
1,0,1,1,1,1,1,1,0
1,1,0,1,0,1,1,0,1
1,1,1,1,1,1,1,1,0
1,1,1,1,0,1,1,0,1
1,1,0,1,0,1,1,0,0
1,0,0,1,0,1,1,0,0
1,1,1,1,1,1,1,1,1
1,1,1,1,1,1,1,1,1
1,1,1,1,1,1,1,1,0
1,1,1,1,1,1,1,0,0
1,1,1,1,1,1,1,1,1
1,1,0,1,0,1,1,0,1
1,1,0,1,0,0,0,0,1
1,1,1,1,1,1,1,1,1
1,1,0,1,1,1,1,1,0
0,0,0,1,0,0,1,0,0
1,1,1,1,1,1,1,1,0
1,1,1,1,1,1,1,1,1
0,1,0,0,0,1,0,1,0
1,1,0,1,1,1,1,0,0
1,1,1,1,0,1,1,0,0
1,1,1,1,1,1,1,1,1
0,1,2,2,0,1,0,0,1
1,1,1,1,1,1,1,1,0
1,1,0,1,1,1,1,1,0
1,1,1,1,1,1,1,0,0
1,1,0,1,1,1,1,1,0
1,1,1,1,1,1,1,1,1
1,1,1,1,0,1,1,0,0
1,1,1,1,1,1,1,0,1
1,0,1,1,0,0,1,0,0
1,1,2,2,1,1,1,1,0
1,1,1,1,1,1,1,0,0
1,1,1,1,1,1,1,0,1
1,1,0,0,0,1,1,1,1
1,0,0,1,0,1,0,0,0
1,1,2,2,0,1,1,1,0
1,1,0,1,1,1,1,1,0
1,1,0,1,0,0,0,0,1
1,1,0,1,1,1,1,1,1
1,1,1,1,1,1,1,1,0
1,0,0,1,0,1,1,0,0
0,0,0,0,0,0,0,0,0
1,1,1,1,1,1,1,0,0
0,0,0,0,0,0,0,0,1
1,1,0,1,1,1,1,0,1
1,1,0,1,1,1,1,1,1
0,0,0,1,0,1,1,1,0
1,0,0,0,0,1,1,0,0
1,1,0,0,0,1,0,0,0
1,1,2,2,0,1,1,0,0
0,0,2,2,0,0,0,0,0
0,0,1,1,0,0,0,0,0
1,0,2,2,0,1,0,0,0
0,0,0,0,0,0,0,0,0
0,0,0,1,0,0,1,0,0
1,0,0,1,0,1,1,0,0
1,1,0,1,0,1,1,0,0
1,1,0,0,0,0,1,0,0
1,1,1,1,1,1,1,1,1
1,1,1,1,1,1,1,0,1
1,0,1,1,0,1,0,0,0
0,0,2,2,0,0,0,0,0
0,0,0,0,0,0,0,0,0
0,0,1,1,0,1,1,1,1
1,0,0,1,0,0,0,0,0
0,0,0,1,0,1,0,0,0
1,1,1,1,0,1,1,0,0
0,0,0,1,0,0,1,0,0
1,1,2,2,1,1,1,1,1
1,1,1,1,1,1,1,1,0
1,1,1,1,1,1,1,1,1
0,0,2,2,0,0,0,0,0
0,0,0,0,0,0,0,1,0
0,0,0,1,0,1,1,0,0
0,0,0,1,0,0,0,0,0
1,1,1,1,1,1,1,1,1
1,1,1,1,1,1,1,0,1
1,1,0,1,0,1,1,1,1
1,1,1,1,0,1,1,0,1
1,1,1,1,1,1,1,0,1
1,1,1,1,0,1,1,0,1
1,1,1,1,1,1,1,0,1
1,1,1,1,0,1,1,0,1
1,1,0,1,1,1,1,1,1
1,1,1,1,0,1,1,0,1
1,1,1,1,1,1,1,1,0
0,0,0,1,0,1,0,0,0
1,0,0,1,0,1,1,0,0
1,1,1,1,1,1,1,0,0
1,1,1,1,1,1,1,1,0
1,1,1,1,1,1,1,0,0
1,1,0,0,0,0,0,0,0
1,1,0,1,1,1,1,1,0
1,1,1,1,0,0,1,0,0
0,0,0,1,0,0,0,1,0
1,0,0,1,0,1,1,0,0
1,1,0,1,1,1,1,0,0
1,0,0,1,0,0,1,0,0
1,1,1,1,1,1,1,1,1
1,1,1,1,1,1,1,1,0
1,1,1,1,1,1,1,1,1
1,1,1,1,0,1,1,0,0
1,1,1,1,1,1,1,1,0
1,1,0,1,1,1,1,1,1
1,1,1,1,1,1,1,1,1
1,1,0,1,0,0,1,0,0
1,1,0,1,1,1,0,0,1
1,1,0,1,1,1,1,1,1
1,1,1,1,1,1,1,1,1
1,1,1,1,1,1,1,0,0
1,1,0,1,0,1,0,1,1
1,0,0,1,0,0,1,0,0
1,0,1,1,0,1,1,0,0
1,1,0,1,0,1,1,0,0
1,1,1,1,1,1,1,1,1
1,1,0,1,1,1,1,1,0
0,0,0,0,0,0,0,0,0
1,1,1,1,1,1,1,1,0
0,0,0,1,0,1,1,0,0
1,1,0,1,0,1,1,1,0
1,1,1,1,0,1,1,0,1
1,1,1,1,0,1,1,0,0
1,1,1,1,1,1,1,0,1
1,1,1,1,0,1,1,0,0
1,1,1,1,1,1,1,1,1
1,1,1,1,1,1,1,0,1
0,0,0,0,0,0,0,0,0
1,1,1,1,1,1,1,1,1
1,1,1,1,1,1,1,1,0
0,0,0,1,0,0,1,0,0
1,0,1,1,0,1,1,0,0
1,1,1,1,1,1,1,1,0
1,1,0,1,1,1,1,1,1
1,1,1,1,0,0,0,1,0
1,1,1,1,1,1,1,1,0
1,1,1,1,1,1,1,1,0
1,1,1,1,1,1,1,1,0
0,0,0,0,0,0,0,0,0
1,1,0,1,0,0,0,0,0
1,0,1,1,0,1,1,0,1
0,0,0,0,0,0,0,0,0
1,1,1,1,1,1,1,1,0
0,0,0,1,0,1,1,1,0
1,0,1,1,1,1,1,0,0
1,1,1,1,1,1,1,1,0
0,0,0,0,0,0,0,0,0
1,1,1,1,1,1,1,1,1
1,1,1,1,0,1,1,0,0
1,1,1,1,1,1,1,1,0
1,1,0,1,0,1,1,0,0
1,1,0,1,0,1,1,0,0
1,1,1,1,1,1,1,1,0
1,1,1,1,1,1,1,1,1
1,1,1,1,1,1,1,1,0
1,1,0,1,0,1,1,0,0
1,1,0,1,0,1,1,1,1
1,1,0,1,0,1,1,1,1
1,0,0,1,0,1,0,0,0
1,0,0,1,0,1,0,0,0
1,1,0,0,0,1,1,1,0
1,1,0,1,0,1,1,1,1
1,1,0,1,0,1,1,0,0
1,0,0,0,0,0,0,0,0
1,0,0,1,1,1,1,1,0
1,1,1,1,1,1,1,0,1
1,0,0,1,0,0,1,0,0
0,0,0,1,0,0,0,0,0
1,1,1,1,1,1,1,0,0
1,0,1,1,0,0,1,0,0
1,1,0,1,1,1,1,1,1
0,0,0,1,0,0,0,0,0
0,1,0,1,0,1,0,1,1
1,1,0,1,1,1,1,1,1
1,1,0,1,0,1,0,0,0
0,0,0,1,0,0,1,0,0
1,1,1,1,1,1,1,0,0
1,1,0,1,1,1,1,1,1
1,1,0,1,1,1,1,1,1
1,1,0,1,1,1,0,0,1
1,1,0,0,0,1,0,0,1
0,0,0,0,0,0,0,0,0
1,1,0,1,0,1,0,0,1
1,1,0,1,0,1,1,0,1
1,1,0,1,1,1,1,1,1
1,1,0,1,0,1,0,0,1
1,1,0,1,0,1,0,0,0
0,1,0,0,0,0,0,0,0
1,1,1,1,1,1,1,1,0
1,1,0,1,0,1,0,0,1
1,1,0,1,1,1,1,1,0
1,0,0,1,0,1,0,0,0
0,0,0,1,0,0,1,1,0
1,1,1,1,1,1,1,0,0
1,1,0,0,0,1,0,0,1
0,0,0,1,0,0,1,0,0
1,1,1,1,1,1,1,1,0
1,1,1,1,1,1,1,0,1
1,1,1,1,0,1,1,0,1
0,0,0,0,0,0,0,0,0
0,1,0,0,0,1,0,0,1
1,1,0,1,0,1,1,0,0
1,0,0,1,0,0,0,0,0
1,1,1,1,1,1,1,1,1
1,1,1,1,1,1,1,1,0
1,1,1,1,1,1,1,1,1
1,1,1,1,1,1,1,1,1
1,1,1,1,1,1,1,1,1
1,1,1,1,1,1,1,0,0
1,0,0,1,0,0,1,0,0
1,1,1,1,1,1,1,1,0
1,1,0,1,1,1,1,0,1
1,1,1,1,0,1,1,0,1
1,1,1,1,1,1,1,1,1
1,1,0,1,1,1,1,1,1
1,1,0,1,0,1,1,0,0
1,1,1,1,0,1,1,0,0
1,1,0,1,1,1,1,1,0
1,0,1,1,1,1,1,1,0
0,0,0,0,0,0,0,0,0
1,1,0,1,0,1,1,1,1
1,1,1,1,0,1,1,1,1
1,1,1,1,1,1,1,1,0
1,1,1,1,1,1,1,0,1
1,0,0,1,0,0,1,0,0
1,1,0,1,1,1,1,0,1
1,1,1,1,1,1,1,1,1
1,1,1,1,1,1,1,1,0
1,1,0,1,1,1,1,0,1
1,0,1,1,1,1,1,0,0
1,0,1,1,0,1,1,0,0
1,1,0,1,0,1,1,0,0
0,0,0,1,0,0,0,0,0
1,1,0,1,0,1,0,0,1
0,0,0,0,0,0,0,0,1
0,1,1,1,1,1,0,0,0
0,0,0,0,0,0,0,0,0
1,1,1,1,1,1,1,1,1
1,1,1,1,1,1,0,0,0
1,1,1,1,1,1,1,1,1
1,1,1,1,0,1,1,1,1
1,1,1,1,0,1,1,0,0
1,1,0,1,0,1,1,0,1
1,1,1,1,1,1,1,1,1
1,1,1,1,1,1,1,1,0
1,1,0,1,1,1,1,1,0
1,1,1,1,1,1,1,1,0
1,1,1,1,1,1,1,1,0
1,1,1,1,1,1,1,0,0
0,1,0,1,1,1,0,0,0
1,1,1,1,1,1,1,1,0
0,0,0,0,0,0,0,0,0
1,0,0,1,0,1,1,0,0
1,1,1,1,1,1,1,1,0
1,1,1,1,1,1,1,0,0
1,1,1,1,0,1,1,0,0
1,1,1,1,1,1,1,1,1
1,1,1,1,1,1,1,1,0
1,1,0,1,0,1,1,0,0
1,1,1,1,1,1,1,1,0
0,0,0,0,0,0,0,0,0
1,1,0,1,1,1,1,1,0
1,0,0,1,0,1,1,0,0
1,1,1,1,1,1,1,0,0
1,0,1,1,0,1,1,0,0
1,1,1,1,1,1,1,0,0
1,0,0,1,0,0,1,0,1
1,1,1,1,1,1,1,1,1
1,1,0,1,0,1,1,0,1
1,1,1,1,1,1,1,1,1
1,1,1,1,1,1,1,1,0
1,0,0,0,0,0,0,0,0
1,1,1,1,1,1,1,0,1
1,1,1,1,0,1,1,1,1
1,1,0,1,0,1,1,1,0
1,0,0,1,0,1,0,0,0
0,1,0,0,0,1,0,1,0
1,1,1,1,1,1,1,1,1
0,0,0,0,0,0,0,0,0
1,0,0,1,0,0,0,0,1
1,1,0,1,0,1,1,1,0
1,1,0,1,0,1,0,0,0
0,0,0,0,0,0,0,0,0
1,1,1,1,0,1,1,0,0
1,1,0,0,0,0,1,0,1
0,0,0,0,0,0,0,0,1
1,1,0,1,0,1,1,1,0
1,1,0,1,0,1,1,0,1
1,1,1,1,1,1,1,1,1
1,1,0,1,0,1,1,1,0
1,1,1,1,1,1,1,1,0
1,1,1,1,1,1,1,1,0
1,1,0,1,0,0,1,0,0
1,1,1,1,1,1,1,1,1
1,1,0,1,0,1,1,1,0
1,1,0,1,0,1,1,0,1
1,0,0,1,0,1,0,0,0
1,1,0,1,0,0,1,0,0
1,1,1,1,1,1,1,1,1
0,0,0,0,0,0,0,1,0
1,1,1,1,1,1,1,1,1
1,1,0,1,1,1,1,0,0
1,1,1,1,1,1,1,1,1
1,1,1,1,0,1,1,0,1
1,1,1,1,1,1,1,0,1
1,1,0,1,0,1,0,0,1
1,1,1,1,1,1,1,1,1
0,0,0,0,0,0,0,0,0
1,1,0,1,0,1,0,0,0
1,0,1,1,0,1,1,0,0
1,0,0,0,0,1,0,0,0
1,1,1,1,1,1,1,1,0
1,1,0,1,0,1,1,0,0
1,0,1,1,0,0,0,0,0
1,1,0,1,1,1,1,1,1
1,1,0,1,0,1,1,0,1
1,1,1,1,1,1,1,1,1
1,1,1,1,1,1,1,0,0
0,0,0,0,0,0,0,0,0
0,0,0,1,0,0,0,0,0
1,1,0,1,1,1,1,1,1
1,1,1,1,1,1,1,0,0
1,1,0,1,0,1,1,0,1
1,1,0,1,1,1,1,0,1
1,1,1,1,1,1,1,1,1
1,1,0,1,0,1,1,1,1
1,1,0,1,0,1,1,0,1
1,1,1,1,0,1,1,0,1
1,1,0,1,0,1,1,0,1
0,0,0,0,0,0,0,0,0
1,1,0,1,0,1,1,1,0
0,0,0,0,0,0,0,0,0
1,1,0,1,0,1,1,0,0
1,1,1,1,1,1,1,1,1
1,1,0,1,0,1,1,0,1
0,0,0,0,0,0,0,0,0
1,1,0,0,0,0,1,0,1
1,1,0,0,0,1,0,1,1
1,1,0,1,0,1,1,0,1
1,1,1,1,1,1,1,1,1
0,0,0,1,0,0,1,0,0
0,0,0,0,0,0,0,0,1
1,1,0,1,1,1,1,0,1
1,1,1,1,1,1,1,0,0
1,1,0,1,0,1,1,1,1
1,1,0,1,0,1,1,0,0
1,1,0,1,0,1,1,0,1
1,1,0,0,0,0,0,0,1
1,1,0,1,0,1,1,0,1
1,1,0,1,0,1,1,0,1
1,1,0,1,0,0,0,0,1
1,1,0,1,1,1,1,1,1
1,1,0,1,1,1,1,1,0
1,1,0,0,0,0,0,0,1
1,1,1,1,1,1,1,0,1
1,1,0,1,0,1,1,0,1
1,1,0,1,0,1,0,0,0
1,1,1,1,1,1,1,1,1
1,1,0,0,0,0,0,0,0
1,1,0,1,1,1,1,1,1
1,1,0,1,0,0,1,0,1
1,1,0,1,1,1,1,1,0
1,1,1,1,1,1,1,1,1
1,1,0,1,0,1,1,0,0
1,1,0,0,0,0,1,0,1
1,1,1,1,1,1,1,1,1
1,1,0,1,1,1,1,1,1
1,1,1,1,1,1,1,1,1
1,0,0,1,0,1,1,1,0
1,1,0,1,1,1,1,1,0
1,0,1,1,0,1,1,1,0
1,0,1,1,0,1,1,1,0
1,0,0,1,1,1,1,0,0
1,1,0,1,0,0,1,0,1
1,1,1,1,0,1,1,1,1
1,1,0,1,0,1,1,0,1
1,1,1,1,1,1,1,1,0
1,1,1,1,1,1,1,1,0
1,0,1,1,0,1,1,1,0
1,0,1,1,1,1,1,0,0
1,1,1,1,0,1,0,0,0
1,1,0,0,0,0,0,0,0
1,1,0,1,1,1,1,1,1
1,1,0,1,0,1,1,0,0
1,1,1,1,1,1,1,1,0
1,0,0,1,0,0,0,0,0
1,1,0,0,0,0,0,0,1
0,0,0,1,0,0,1,0,0
1,1,1,1,1,1,1,0,1
1,1,1,1,1,1,1,1,0
1,1,0,1,0,1,0,0,0
1,1,1,1,1,1,1,1,0
1,1,0,1,0,0,1,0,1
1,1,1,1,0,1,1,0,0
0,0,0,1,0,0,1,0,0
1,1,0,1,1,1,1,0,1
1,0,0,1,0,1,1,0,0
0,0,0,0,0,0,0,0,1
1,1,0,1,1,1,0,0,1
1,1,1,1,1,1,1,1,0
0,0,1,1,0,1,1,0,0
0,0,0,0,0,0,0,0,0
1,1,0,1,1,1,1,1,0
0,0,0,0,0,0,0,0,0
1,1,0,0,0,1,1,0,0
0,0,0,0,0,0,0,0,1
0,0,1,1,0,0,0,0,0
1,1,1,1,0,1,1,1,0
0,0,0,0,0,0,0,0,0
1,1,1,1,1,1,1,0,0
1,1,1,1,1,1,1,1,0
1,1,0,1,1,1,1,0,0
1,1,1,1,1,1,1,1,0
0,0,0,0,0,0,0,1,0
0,1,0,1,0,1,1,0,1
1,1,0,1,0,1,1,0,1
1,1,1,1,1,1,1,0,0
1,1,1,1,0,1,1,0,0
1,1,0,1,1,1,1,1,1
1,1,0,1,1,1,0,1,1
1,1,1,1,1,1,1,0,0
1,1,0,1,0,1,0,1,1
1,1,0,1,0,0,0,0,1
1,1,1,1,0,1,1,0,1
1,0,0,1,0,1,1,0,0
1,1,1,1,1,1,1,1,1
1,1,1,1,1,1,1,0,0
1,1,0,1,1,1,1,0,1
0,0,0,0,0,0,1,0,0
1,1,0,1,0,1,1,0,1
1,1,0,0,0,1,0,1,1
1,1,0,1,0,1,1,0,1
1,1,1,1,1,1,1,1,0
0,1,0,0,0,0,0,0,0
1,0,1,1,0,0,1,1,0
1,1,1,1,1,1,1,0,0
1,1,1,1,0,1,1,1,0
1,1,0,1,1,1,1,1,1
1,1,0,1,0,1,1,0,1
0,0,0,0,0,0,0,0,0
1,1,1,1,1,1,1,0,0
1,1,0,1,1,1,1,0,1
1,0,0,1,0,1,1,0,0
1,1,0,1,1,1,1,0,1
1,1,1,1,1,1,1,1,0
1,1,1,1,1,1,1,1,1
1,0,0,1,0,0,1,0,0
0,0,0,0,0,0,0,0,1
1,1,1,1,1,1,1,1,0
1,1,0,1,0,1,1,1,0
1,1,0,1,1,1,1,1,0
1,1,1,1,1,1,1,0,1
1,1,0,1,1,1,1,1,1
1,1,0,1,0,1,1,0,1
1,1,1,1,1,1,1,1,1
1,1,0,1,0,1,1,0,1
1,1,1,1,1,1,1,1,0
1,1,0,1,1,1,1,1,1
1,1,1,1,1,1,1,1,0
1,1,1,1,1,1,1,1,1
0,0,0,0,0,0,0,0,0
0,0,0,0,0,0,0,0,0
1,1,1,1,1,1,1,1,0
0,0,0,0,0,1,0,0,0
1,1,0,1,0,1,1,0,1
1,1,1,1,0,1,1,0,1
0,0,0,0,0,0,0,0,0
1,1,1,1,0,1,1,0,1
1,1,0,1,1,1,1,0,1
1,1,0,1,1,1,1,1,0
1,1,0,1,1,1,1,1,0
1,1,0,1,1,1,1,1,1
1,0,0,0,0,0,0,0,0
1,1,1,1,1,1,1,0,0
1,1,1,1,1,1,1,0,0
1,1,0,1,1,1,1,0,0
1,1,0,1,0,1,0,0,0
0,1,0,0,0,0,0,0,0
1,1,1,1,1,1,0,0,0
0,0,0,1,0,0,0,0,0
1,0,0,1,0,0,1,0,1
1,1,1,1,1,1,1,0,0
1,1,0,1,1,1,1,1,1
1,1,1,1,1,1,1,0,0
1,1,1,1,1,1,1,1,0
1,0,0,1,0,0,1,0,0
1,1,1,1,1,1,1,1,1
1,1,1,1,1,1,1,1,1
1,1,0,1,1,1,1,1,0
1,1,0,1,0,0,1,0,0
1,1,1,1,1,1,1,0,1
1,1,1,1,1,1,1,0,0
1,1,1,1,1,1,0,0,0
1,1,0,0,0,0,0,0,0
1,1,0,0,0,0,0,0,0
1,1,1,1,1,1,1,1,0
0,0,0,0,0,0,0,0,0
0,0,0,0,0,0,0,0,0
1,1,1,1,1,1,1,1,0
1,0,0,1,0,0,0,0,0
1,1,1,1,1,1,1,0,1
1,1,0,1,0,0,1,0,0
1,1,0,1,0,1,1,0,0
1,1,1,1,1,1,1,1,0
1,0,0,1,0,1,1,0,0
1,0,0,0,0,0,0,0,1
0,1,0,1,1,1,0,0,1
1,0,0,1,0,1,0,0,0
0,0,0,1,0,0,0,0,0
1,1,0,1,1,1,1,1,0
1,1,1,1,1,1,1,1,0
1,1,1,1,1,1,1,1,0
0,0,0,1,0,1,0,0,0
1,1,1,1,1,1,1,1,0
0,0,0,0,0,0,0,0,0
1,1,1,1,1,1,1,1,1
1,0,0,1,0,0,0,0,0
1,1,0,1,1,1,1,1,1
1,1,1,1,1,1,1,0,1
1,1,0,1,0,1,1,0,1
1,1,1,1,1,1,1,0,0
1,0,0,0,0,0,0,0,0
1,1,1,1,0,1,1,0,0
0,0,0,0,0,0,0,1,0
1,0,0,1,0,1,1,0,0
0,0,0,1,0,0,1,0,0
0,0,0,0,0,0,0,0,0
1,0,0,1,1,1,1,1,0
1,1,1,1,0,1,1,1,0
1,1,1,1,1,1,1,1,0
1,1,1,1,0,1,1,0,0
1,1,1,1,0,1,1,0,0
1,1,0,1,0,1,1,0,1
0,0,0,1,0,0,1,0,0
1,1,1,1,1,1,1,0,0
1,1,0,1,1,1,1,0,0
1,0,0,1,1,1,1,0,0
1,1,1,1,0,1,1,0,0
1,1,0,1,1,1,1,0,0
1,1,1,1,1,1,1,1,0
0,0,0,0,0,0,0,0,0
0,0,0,0,0,0,0,0,0
1,0,0,1,0,0,0,0,0
1,1,0,1,0,1,1,0,0
1,1,1,1,1,1,1,0,0
1,1,0,1,0,1,1,1,0
1,1,1,1,1,1,1,0,0
1,1,0,1,0,1,1,0,1
0,0,0,0,0,0,0,0,0
1,1,0,1,0,1,1,0,0
1,1,0,1,0,1,1,1,0
0,1,0,0,0,0,0,0,1
0,0,0,0,0,0,0,0,0
0,0,1,1,0,0,0,0,0
0,0,0,0,0,0,0,0,0
1,1,1,1,1,1,1,1,0
1,1,1,1,1,1,1,1,0
1,0,0,1,0,0,0,0,0
0,0,0,0,0,0,0,0,0
1,1,1,1,0,1,0,0,0
0,0,0,0,0,0,0,0,0
0,0,1,1,0,0,0,1,0
1,0,0,1,0,1,1,1,0
1,1,1,1,1,1,1,1,0
1,1,0,1,0,1,1,1,0
0,0,0,1,0,0,0,0,0
1,1,1,1,1,1,1,0,0
1,0,0,1,0,0,0,0,0
1,1,1,1,1,1,1,1,0
1,1,1,1,1,1,1,0,0
1,0,0,1,0,0,0,0,0
1,1,0,1,0,1,1,0,0
1,1,1,1,1,1,1,0,0
1,1,0,0,0,1,1,0,0
1,1,1,1,0,1,1,0,1
0,0,0,1,0,1,1,0,0
1,0,0,1,0,1,1,0,0
1,1,1,1,0,1,1,0,1
1,0,0,0,0,1,0,0,0
1,1,1,1,1,1,1,0,1
0,0,0,1,1,1,1,1,0
1,1,1,1,1,1,1,1,1
1,1,0,0,0,0,1,0,0
1,1,1,1,1,1,1,1,1
1,1,0,1,0,1,0,0,1
1,1,1,1,0,1,1,0,0
1,1,1,1,1,1,1,1,0
1,1,1,1,1,1,1,0,0
1,0,0,1,0,0,1,0,0
1,1,1,1,0,1,1,0,0
1,1,0,1,1,1,1,1,0
0,0,0,0,0,0,0,0,0
1,1,1,1,1,1,1,0,1
1,1,1,1,1,1,1,1,0
1,1,1,1,1,1,1,1,1
1,1,0,1,0,0,1,0,0
1,1,1,1,1,1,1,1,0
1,1,0,1,0,1,1,0,0
1,1,1,1,1,1,1,0,0
1,1,0,1,0,1,1,0,1
1,1,0,1,0,1,1,0,1
1,1,1,1,1,1,1,0,0
1,1,1,1,1,1,1,1,0
1,1,0,1,0,1,1,0,1
1,1,0,1,0,1,0,0,1
1,1,1,1,0,1,1,0,0
1,1,0,1,0,1,1,0,1
1,1,1,1,1,1,1,1,1
1,1,1,1,1,1,1,1,0
1,1,0,1,1,1,1,1,0
1,1,0,0,0,0,1,0,1
0,0,0,1,0,1,1,1,0
1,0,0,1,0,1,0,0,0
1,1,1,1,1,1,1,0,0
1,0,0,1,1,1,1,0,0
1,1,0,1,0,1,0,0,1
1,1,0,1,1,1,1,1,0
1,1,1,1,1,1,1,1,0
1,1,0,1,1,1,1,0,1
1,1,0,1,1,1,1,0,0
1,1,0,1,0,0,0,0,0
1,1,1,1,1,1,1,0,1
1,1,1,1,1,1,1,0,0
1,1,1,1,1,1,1,1,0
1,1,1,1,1,1,1,1,0
1,1,1,1,1,1,1,1,0
0,0,0,1,0,0,1,0,0
1,1,0,1,0,1,1,0,0
1,1,1,1,1,1,1,1,0
1,1,1,1,1,1,1,1,0
1,1,1,1,1,1,1,0,0
1,1,0,1,0,1,1,0,1
1,1,0,1,0,1,0,0,0
1,1,0,1,0,1,1,0,0
1,1,1,1,1,1,1,0,0
0,0,0,0,0,1,0,1,0
1,1,0,1,1,1,1,1,0
1,1,1,1,1,1,1,1,1
1,1,1,1,0,1,1,1,0
1,1,1,1,1,1,1,0,1
1,1,1,1,1,1,1,0,0
1,1,1,1,1,1,1,0,0
1,1,1,1,1,1,1,1,0
1,1,1,1,1,1,1,1,0
1,1,1,1,1,1,1,1,1
1,1,1,1,1,1,1,0,1
1,0,1,1,0,0,1,0,0
1,1,0,1,0,1,1,1,1
1,1,1,1,1,1,1,1,0
1,1,1,1,1,1,1,1,1
1,1,0,1,1,1,1,1,1
1,1,0,1,1,1,1,1,1
1,1,1,1,1,1,1,1,1
1,1,1,1,1,1,1,1,0
1,1,1,1,1,1,1,1,1
0,1,0,0,1,1,0,1,1
1,0,0,1,0,0,1,0,0
1,1,1,1,0,1,1,0,1
1,1,1,1,1,1,1,0,1
1,1,1,1,1,1,1,0,0
0,0,0,0,0,0,0,0,0
1,1,1,1,1,1,1,0,0
0,0,0,0,0,0,0,0,0
0,0,0,0,0,0,0,0,0
1,1,1,1,1,1,1,0,0
0,0,0,0,0,0,0,0,0
1,1,1,1,0,1,1,1,0
1,1,0,1,1,1,0,0,0
1,1,1,1,1,1,1,1,0
1,1,0,1,0,1,1,0,0
0,0,0,0,0,1,0,0,0
0,0,0,1,0,0,1,0,0
1,0,0,1,0,1,1,0,0
1,1,0,1,0,0,0,0,1
1,1,1,1,0,1,1,0,0
1,1,1,1,1,1,1,1,1
1,1,1,1,1,1,1,0,0
1,1,0,0,0,1,1,0,0
0,0,0,1,0,0,1,0,0
1,1,0,1,1,1,1,1,1
1,1,0,1,0,1,1,0,0
1,1,1,1,1,1,1,0,0
1,1,1,1,1,1,1,1,0
0,0,0,1,0,0,0,0,0
1,0,0,1,0,1,1,1,0
0,0,0,1,0,0,0,1,1
0,0,0,1,0,0,1,0,0
1,1,0,0,0,1,1,0,0
1,1,1,1,1,1,1,1,0
1,1,1,1,1,1,1,0,0
1,1,1,1,1,1,1,0,0
1,1,0,1,1,1,1,0,1
1,1,1,1,1,1,1,1,0
1,1,0,1,1,1,1,1,0
0,0,0,0,0,0,0,0,0
0,0,1,1,0,0,1,1,0
1,1,0,1,1,1,1,1,0
0,0,0,1,0,0,0,0,0
1,1,0,1,0,1,1,1,0
1,1,0,1,0,0,1,0,1
1,1,0,1,1,1,1,1,1
1,1,0,1,0,1,1,1,0
1,1,1,1,1,1,1,0,1
1,1,0,1,0,1,1,0,0
1,1,0,1,0,1,1,0,1
0,0,0,1,0,0,1,0,0
0,0,0,0,0,0,0,0,0
0,0,0,0,0,0,0,0,0
1,1,1,1,1,1,1,0,0
1,1,0,1,0,1,0,0,0
1,1,1,1,1,1,1,0,0
0,0,0,0,0,0,0,0,0
1,0,0,1,0,0,1,0,1
1,1,0,1,0,1,1,0,1
0,0,0,0,0,0,0,0,0
1,1,1,1,1,1,1,1,0
1,1,1,1,1,1,1,0,1
1,1,0,1,0,1,1,1,1
1,0,0,0,0,0,0,0,0
1,1,1,1,0,1,1,1,0
1,0,0,1,0,1,1,0,0
1,1,1,1,1,1,1,0,1
1,1,1,1,0,1,1,1,1
1,1,1,1,1,1,1,1,0
1,1,1,1,0,1,1,1,1
0,0,0,0,0,0,1,0,0
1,1,0,1,1,1,1,0,0
1,1,1,1,1,1,1,0,1
1,1,1,1,0,1,1,0,1
0,0,0,1,0,1,0,0,0
0,0,1,1,0,0,1,0,0
1,1,0,1,0,1,1,0,1
1,1,1,1,1,1,1,0,0
1,1,1,1,1,1,1,1,0
1,1,1,1,1,1,1,1,0
0,0,0,0,0,0,0,0,0
1,0,0,1,0,0,1,0,0
1,1,1,1,1,1,1,1,0
1,1,1,1,1,1,1,0,1
1,1,1,1,1,1,1,1,0
1,1,1,1,1,1,1,0,1
1,1,1,1,1,1,1,1,0
0,1,0,0,0,1,0,0,1
1,1,1,1,1,1,1,1,1
1,0,0,1,0,0,0,0,0
1,0,0,1,0,1,1,0,0
0,0,0,1,0,0,0,0,0
1,1,0,1,0,0,0,0,1
1,1,1,1,1,1,1,1,0
1,1,1,1,1,1,1,0,0
1,1,0,1,1,1,1,1,1
1,1,0,1,0,1,1,1,1
0,0,0,0,0,0,0,0,0
1,1,1,1,1,1,1,0,1
1,1,0,1,1,1,1,0,0
0,0,0,0,0,1,0,0,0
1,1,0,1,0,1,1,1,0
1,0,0,0,0,0,0,0,0
1,0,0,1,0,0,1,0,0
1,1,0,1,1,1,1,1,1
1,1,1,1,0,1,1,1,1
1,1,1,1,1,1,1,0,0
1,1,1,1,1,1,1,1,1
1,1,0,1,0,1,1,0,0
1,1,1,1,1,1,1,0,0
1,1,1,1,1,1,1,1,0
1,0,1,1,0,1,0,0,0
