text,y_true,y_pred
"My Depression Has Never Been This. I was diagnosed with depression seven years ago, though Ive lived with it all my life. I had become accustomed to my depression as intense feelings of helplessness and isolation. Now my depression comes along differently. I stay so busy, so I can try to ignore it. I throw myself into projects, to the point I feel manic. I thought I was recovering but Im realizing this is just my depression taking a new form. This form is me going through motions but not really having the drive or passion for anything. This depression is no feeling at all and its debilitating. Ive had depression for so long now, but never like this. This depression is new to me and Im not sure what to do.","[1, 0]","[0.0, 0.0]"
"Ive lost count of how many scars I have. My thigh is so badly scarred there are like fifty layers of scarring and its impossible to count how many there are because they overlap so much I dont even know how I managed to do so much damage over only like a year. My ankles are pretty damaged too but nowhere near as bad as my thigh and my shoulder was my old favourite place to cut so thats kinda bad too. My left forearm is pretty butchered but nothing super bad. No idea why I even wrote this, Im tired and needed to rant.","[0, 0]","[0.0, 0.0]"
"Starving as a form of self harm. At first I only started eating less to lose weight but I guess that went out of control because I lost 30 pounds in like two months and now Im mostly happy with my body but now I cant stop restricting how much I eat. I like feeling empty and like I discovered Im using this as a form of self harm since Im too much of a pussy to make any deep cuts. Being empty feels so good, I like that Im light headed and getting up makes me dizzy. Im not sure why? I just disserve to suffer. Lowkey hoping this gets worse, I just wanna destroy myself. I havent eaten in two days and I wanna see how long how I could go. I wonder if this will kill me. I know Ill hate how I look if I lose a significant amount of weight but god I wanna fucking hurt myself so badly","[1, 0]","[0.0, 0.0]"
"I hate everything. I am not trying to be a cringe lord or be dramatic, I literally hate almost everything and everyone I come in contact with. I have been diagnosed with generalized anxiety and major depressive disorder and am always constantly overthinking things or just have zero interest in anything and everything. I have never been at the level of fatigue, disinterest and a total lack of confidence in my life. I am a military veteran who never deployed and feel like my whole military career was for naught, I got hurt during training multiple times which has caused me pain for the last 8 years and on top of that I got fat in the military because I was hurt for years and never recieved the proper care that I was supposed to get causing me not to be able to reenlist or rank up. I was targeted by this huge piece of shit in charge of my platoon who was always fucking with me and forced me into an in patient rehab facility because I was drunk in the barracks on a 96 and the golden boy of the platoon got a DUI and it got swept under the rug. Now that I have been out for 3.5 years I have a new job which I also hate for a multitude of reasons alot being because it is a career path in an ultra liberal state that allows assault on staff to go unpunished. I feel like I am in a sort of Truman show setup where my life is the joke all the time and murphys law is in full effect.","[1, 0]","[1.0, 0.0]"
"Struggle with Attraction and no positive feelings in relationship anymore. I dont know anymore. Im in a complicated relationship and now I dont know if were just not right for each other or if my depression and anxiety and intrusive thoughts etc. are the problem. Can a mentall illness make you lose the attraction to your SO? If so Is it then gone forever or can this change back? I only see his faults and think hes unattractive. Now I dont know if this is the truth, a thought I kinda talked myself into or an intrusive thought I can obsess over a lot. Im also either crying or I feel numb all the time. Its hard for me to have positive feelings towards him. Im taking 10mg lexapro at the moment, so I dont know if this causes problems too? I guess its another crisis in my life.","[1, 1]","[0.0, 0.0]"
"Just got diagnosed, looking for some advice. I am a high school senior who just got diagnosed with moderate major depressive disorder and generalized anxiety focused on obsessive thoughts. Over the past few years I have struggled with depression losing interest in activities, social withdrawal, feeling hopelessworthless and I just sought medical help after a deep depressive episode due to college application stress, etc. I was officially diagnosed last monday and am currently in the process of finding a therapist. I also have a follow up appointment next week to talk about andor be prescribed medication. My hope is that I will be able to get my mental health mostly back on track by the time that I go to college next fall. With all that being said, I am wondering what your guys experiences are with antidepressants and if you think given my situation I should seriously consider them, or try to go a medfree route first. I have done a significant amount of research on meds and have read about their side effects and know that they are a long trial and error process. However I would just like to get a read on some of your guys experiences and whether you have found them more helpful than harmful.","[1, 1]","[0.0, 0.0]"
"I cant do this anymore. For so many years, Ive had to ignore my depression and think everything will be okay. But even if Ive faked it that long the depression ended up getting worse. Its so severe that I believe that it cant be cured anymore. I feel more pathetic when I think about other people who are suffering worse lives meanwhile here the fuck I am, I have everything a person could need yet Im so selfish that Im not satisfied.","[1, 0]","[0.0, 0.0]"
"Im almost 100 helpless. Im about ready to kill myself, either from hanging slitting my wrists and throat or drinkingeating poison, I cant call the suicide prevention hotline cause I dont have a phone plan, and I feel like it would be selfish of me to actually seek help by talking directly to someone, I cant even bring it up to my boyfriend, my fucking boyfriend, Im in such a dark place, just writing this makes me feel like an assshole for putting my own issues before helping others with there issues, I have asked my mom to put me on antidepressants or to get me therapy cause she doesnt beleive Im depressed even though I was diagnosed with depression cause apparently, her words not mine just cause your friend is depressed your not depressed she actually said that, I just want end it all","[1, 0]","[0.0, 0.0]"
"I almost got tboned on the way to work today. I know it sounds dramatic but I started crying afterwards because he DIDNT hit me. The guy wasnt paying attention and ran a red while I was turning on a green light. I didnt really give him a upset reaction, more of just a wtf are you doing. I wish I didnt brake. I wish I got hit. He was going fast too, it wouldve at least hurt me a little bit. Everyday is just the same shit over and over again. Im not going anywhere with my life and I work a shitty job. Underpaid. Harassed. Teased. Everyday is a stressful day. Im so overwhelmed and I cant seem to get a fucking break. I cant talk to my best friend about this because she will just tell me Im doing this to myself or I just need to suck it up. But every fucking day I hate where I am and who I am. I cant even get up out of bed to do the things I love. Getting up to play videos is a battle. So is talking with friends. I just want a fucking break from this shit.","[1, 0]","[1.0, 0.0]"
"Is it possible to quit a fetish for good. Ever since I was little Ive liked humiliation. Eventually I started crossdressing and getting into diapers. And eventually I was masturbating to humiliation porn just about everyday. Its gotten so fucking bad and Im just sick of what Ive become. Im also a virgin at age 24 and never been in a relationship. I think my fetishes are holding me back in life. For most women this is a deal breaker fetish. It makes me feel bad about myself. So why would I want to continue doing this? Is it possible to quit and conform to society? My addiction is not healthy and doesnt make me feel good about myself. And masturbating to porn everyday doesnt help either. Is it possible to smoke weed and somehow forget about the fetish? I dont know, but Im just wondering if it might help. I just want to quit my fetish and move onward with my life. Im 24 and dont want to become age 50 and still masturbating in diapers.","[0, 0]","[0.0, 0.0]"
"How do I talk to my employers. Ive struggled with depression for pretty much as long as I can remember and I have just recently started my first fulltime job since my most recent meltdown. At this point, theyre on me about my hours pretty much every week and Ive already used up my sick and personal time for the year. Ive dropped out of school twice because the depression became unmanageable, and I had to take short term disability from my last job around this time last year. I dont usually mark the box for depression on the disability sheet for employment paperwork, even though I was diagnosed several years ago as having major depressive disorder, but I think its time I had a talk with HR about why just working a normal 95, 5 days a week is so hard for me. I just dont know how to ask them to go easy on me and please let me have more unpaid time off if I need it without them saying theyll just find someone else who can do my job and be reliable.","[1, 0]","[0.0, 0.0]"
"My death phobia has been consuming my thoughts since 2018 and Id give anything to make it stop. I noticed a gray hair and some wrinkles on my forehead and Im not even 27 yet. Tldr Im terrified of death and aging but it seems more likely to happen with every passing day. You can get therapy for, say, public speaking and such, but how could anything possibly cureeffectively treat a fear of agingdeath, things that are guaranteed to happen? Unlike other phobias tho, this one seems almost reasonable since aging and death are guaranteed to happen eventually. Zoloft and vyvanse help tremendously, plus I avoid the newspolitics as much as I can within reasonbut with the way the world is going its impossible to entirely ignore the possibility that i might not even live to see 50. Or even if I do I doubt Im going to fulfill any of my goals capitalism and disabilities are a terrible combo but I digress, for one reason or another. Whenever Ive tried looking up ways to cope its always live in the moment enjoy the time youve got which doesnt help at all, especially right now. I should mention that while Im plagued by intrusive thoughts day in and day out, it hasnt rly changed how I live my life its mostly just led to panic attacks and crying. Its like Im being haunted.","[0, 0]","[1.0, 0.0]"
"I need help, how do you get through a 85 office day. Ive started working this year after completing a very difficult degree during which I told myself I would never do anything like this again if it made me this unhappy. I was diagnosed with depression after first year of degree but was determined to finish it Lo and behold, 5 months into my new job and I feel like Im crying and depressed again more days than less. The actual work stresses me out, but its not the main problem. I just cant seem to sit and stare at a computer screen 9 hours a day, every damn day of my life, surrounded by people that I dont even necessarily like. Its an open plan office so there is just no escape. I feel overwhelmingly trapped, like if I feel horrible I cant just get up and leave. I have to fake some illness then the guilt gives me more anxiety or I just have to sit and wait it out which makes me hate my job more and more everyday. In my field luckily I will probably have the opportunity to work remotely at future jobs, especially now knowing its something important to me. But I need to build up experience. I just dont know how to get through the long days at work anymore. I break down so much I cant even count anymore and Im scared of taking sick days since Im a new employee. Sent from the bathroom floor of my office building, trying to get my eyes to stop tearing","[1, 0]","[0.0, 0.0]"
"Tips on being functional. I recently got diagnosed with moderatesevere depression 17yo. Ive dealt with depression since I was 10 but recently, especially this year it has been really difficult to deal or manage my depression in a functional way like how I used to. Its caused my college attendance to drop to below 50 and my parents are starting to notice. They dont know why Ive not been going as they are very old fashioned with their thoughts on mental health, I know this now because I had previously talked to my mother the more easy going of the two about going on medication or at least seeing a doctor about my feelings and although she said that she would take me we never went and everytime I would bring it up with her she would tell me to just get over it which obviously didnt work as that was over 5 years ago. Anyway I want to know if there is anything that I can do to at least give the impression that Im being more productive so that I can get them off my back about college as they are already giving me shit about what I want to next year and trying to force me into doing something that I dont want to do much like how they did with collage.","[1, 0]","[0.0, 0.0]"
"How do you cope at work? Or find work. Im 21, and it wasnt until maybe a year ago that i realized i had depression. It was a factory job where one night i had serious suicidal thoughts and went to a coworker for help. Lots of things happened but i was diagnosed as manic depression and began medication latuda but hasnt seemed to affected me at all yet. Since i wasnt able to keep that job and tried with another but just couldnt handle it and left the first day, next job was pretty much the same while every new person understood the work i was just lost and today i started another. Again Im so confused while they make it sound easy. I escape to the bathroom or on breaks to cry because it comes uncontrollably for no reason. Only thoughts of failure and regret clog mind. At some point during the last year my mind just broke and now i cant seem to handle anything. Just wondered how many of you cope or deal with these sorts of things at work or what sort of work may help. Thank you.","[0, 0]","[0.0, 0.0]"
"Is depression legally protected like physical disorders. Ive been diagnosed with depression, and my depression is the kind that manifests itself as severe apathy with a side of anxiety. Anyway, this causes a punctuality issue. Im almost always late to everything, and this has caused issues at work. Ive lost previous jobs due to it, and Ive been put on notice at my current job. Its not much. Over the course of a five day week Ill be a total of around 10 minutes of tardiness. Some days might be 5+ minutes, but usually Im on time a couple days and 13 minutes other days. I consider a few minutes to be so insignificant an amount of time as to not even bother considering. I cant bring myself to care about it, and the idea of being punished for such a small amount of tardiness, considering I otherwise do an excellent job at my work, infuriates me. I have a coworker with a medical disorder who is completely unreliable. Shes missed at least three months of work each year since Ive been here due to her medical issues, but my manager cant punish her or file administrative action because medical issues are legally protected. I havent told my manager that Ive been officially diagnosed with depression because it just happened yesterday, and because Im pretty sure no manager wants to hear me say something along the lines of I am emotionally incapable of caring about you, this job, or being on time. Is depression similarly protected? If so, does anyone know how I can successfully challenge my current administrative action?","[1, 0]","[0.0, 0.0]"
"I gave up everything. Lately I feel like my life is totally going down the drain. Ever since I broke up two months ago, I lost my will to do it anything at all, so I started giving up everything. I was preparing a theater play, but I dont feel like it so I told the director to find another actor. He cried. I felt so damn guilty at that moment, but I really cant take it anymore everything is falling apart in front of me. My ex left me for another guy and that has killed me and keeps killing me every time I dream of her, that is every night, and also every day when I think about the time we used to spend together. I still love her too much. If this goes on I fear Im going to fail college. All this while I have no way to feel better, no way to meet people near me, no way to snap out of this darkness shes condemned me to. And I still love her.","[0, 0]","[0.0, 0.0]"
"hello. I needed somewhere to put my feelings. overwhelming numbness is underwhelming. I have been like this for 3 years now approximately. I have been diagnosed with chronic depression and anxiety. Though anxiety itself has been muffled from this disease. I am like a empty shell. a husk. my brain is compassionate, kind, feeling, loving caring its excited to do things but it is completely DISCONNECTED it isnt even a registered feeling anymore it is just existence. i am existing. i could be classified as a corpse because theres not anything human about you when you cant do the one thing, feel. I want to lay on the floor. it is exhausting . my life is without purpose. it is a constant static in the brain that is unrelenting. I have antidepressants but they do nothing for me. oh well. thanks for reading.","[1, 1]","[0.0, 0.0]"
"why do i go through times where nothing makes senseeverything is confusing and i feel like im going nuts. i dont know what the fuck is wrong with me. a few nights ago, everything was so confusing to me, i couldnt understand what i was thinking about and i was perplexed. i was losing my grip on reality and i was spiraling into this really weird state of mind. i felt like nothing was real and i was questioning absolutely everything including myself. i was literally just sitting on my bed, on my phone. nothing else. this type of thing happens to me often, usually it doesnt get too bad but its still not fun to deal with. when this happened a few nights ago, i think it was the worst it has ever been. i was scared and overwhelmed. does anyone here know what is happening to me? and what the cause may be? im starting to get worried and have no where else to run besides reddit.","[0, 0]","[0.0, 0.0]"
"Banging my head against the floor. Memories of my failure hit me like Vietnam flashbacks probably have no right to say that and im sorry if i insulted Vietnam veterans. Past mistakes ive made. Decisions i thought was good, but ended up bad. With each thought, i tend to hate my intelligence more and more. Whats in this negro neanderthal head of mine? Is there even a fucking brain in there! I then think about banging my head on the floor. I dont know why. Maybe because when i make a bad decision, or when i think im just too fucking dumb, i want to punished my head. Im suppose to think with my head, when i act stupid, WHAT THE FUCK IS MY BRAIN DOING? just lounging around? Brain, why dont you want to focus? Why do you betray me? All i want to do is smash the floor, with my head. My head is what put me in prison. I hate my brain, my thoughts, my thinking pattern. I hate it all! I look at myself in the mirror and see the scumbag that was in prison last year. He deserves to stay there, and thats why that peice of shit sucks at life now! I wish that banging my head on the floor didnt hurt as much as it does. I hate mental health, if i was born a monster, it should only be right that i die a monster.","[0, 0]","[0.0, 0.0]"
"What should i do if i have no one to talk to but am in a really bad place. So this isnt strictly depression anymore apparently its now depression, PTSD, and GAD but its part of it. I have no one to talk to and my health has gotten really bad. I cant eat or sleep and in 4 days Ive lost 6 pounds. I wake up screaming and in cold sweats at night. Worst still whenever I see the one person I think would get it I have flashbacks to her hurting me really bad and I get panic attacks so bad I start throwing up. This is on top already of just an overwhelming sadness and pain I cant escape. Last night it even got so bad I was considering self harm but then I had an attack and passed out. I dont have money for a shrink before someone suggest that although I get it so Im sorry if Im calling you out and with all the crap going on I cant talk to my friends about it. So how do you cope when you have nobody to talk too?","[1, 1]","[0.0, 0.0]"
"What do you all think about the way self harm is portrayed in the media. I recently watched Black Panther, and there is a character in that who scars himself for every person he kills. This got me thinking about how self harm is shown in movies or TV. This guy seemed to just do it as a ritualistic thing, although theres a batman villain who cuts himself every time he kills someone, and he reveals that he got into it because of the rush it gave him, a couple of the main characters from the first AHS season cut, one of the main characters from Orphan Black cuts herself on her back, and she is often seen as the more insane character, and all this made me realise that self harm is often seen as a very dramatic, extreme, even insane behaviour. Behaviours such as punching things in anger are shown a lot, and often are seen less as self harm and more as just a way to act when angry, despite it still being self harm. Techniques such as burning, scratching, or carving are barely given any screen time, and even self harm as a whole isnt really a common theme. How do we all feel about that, do you think self harm could do with more representation, less representation, more accurate depictions, or do you think its handled well in media? Im quite curious.","[0, 0]","[0.0, 0.0]"
"Need opinions please help. Okay, first of all Im a 24 year old male whos always been lazy and enjoyed substance abuse and has always been slightly anxious and a bit unhappy, clumsy, distracted and sensitive. Now, in October I started to get an ugly insomnia and then was diagnosed with clinical depression, said fuck the anti depressants and Im going to wait it out. So from October all the way to mid March I had a rowdy insomnia, stayed up days at a time and was very miserable and depressed I also stopped smoking marijuana after heavy use for years and well essentially life was hell. Throughout my miserableness I was also very paranoid I was developing another mental illness or at least a thought disorder which brought me ENDLESS HORRIBLE ANXIETY cause of how cluttered my thoughts were and still are BUT, my insomnia and even my depression went away already but I still have the inability to concentrate and the androhenia. I still ruminate about all of this and am still kind of paranoid of having something serious even though the bulk of my symptoms have subsided. Do you think its possible that my episode is already ending and Ill be back to normal soon enough ?","[1, 0]","[1.0, 0.0]"
"Wondering if this is PTSD. I saw my therapist today and she said something that made me think maybe what ive been going through is ptsd. She said that my upbringing was similar to someone who lived through a war and when they hear certain noises, they get scared. There was violence in my family. I felt like my role was to prevent them from killing each other or themselves. Both possibilities were very real. And I feel like I failed because I didnt do anything. They were trying to kill each other and I just froze. Now when Im in a place with a lot of people and loud voices, my body reacts. I know there is no danger, I know it. My body doesnt. I start shaking, I feel unsafe, as if someone was going to try to kill other people. I dont feel safe anywhere. I know you guys cant diagnose me or anything, but based on my experience and what my therapist said, would it make sense that this could me otsd or cptsd? I just want this to end, Im so tired.","[0, 0]","[0.0, 0.0]"
"Medication that eased your Social Anxiety. Hey Im 21 and suffering from severe depression and social anxiety since I was 15. I tried all the SSRIs and SNRIs, moclobemide MAOI and amitriptyline tricyclic. Also I did two depth psychological therapies and one behavioral therapy. Nothing helped. Are there any other things I should try? I can think of Tranylcypromine, Gabapentin, Pregabalin, benzos occasional or Clomipramine. What have been your experiences with which meds and what were the effects like? What changes could you see? What suggestions do you have for me a sufferer who already tried so much?","[1, 1]","[0.0, 0.0]"
"Itll never get better. Ive been depressed for too long that Im honestly scared of getting better at this point. I dont want to stay depressed but I dont want to get better either. I just want to die. Of course everytime I tell anybody this they usually react with, wow you dont even want to get better you attention seeker have fun with your pity party GeT hElP, even though Ive been getting help for years now. I get more depressed when Im depressed obviously. And if I dont feel as shitty then Ill feel a bit better. But feeling better freaks me out then I get more depressed and I feel better and worse that I am depressed. Then the cycle repeats forever. Im honestly starting to believe that I am an attention seeking trash bag even though Ive been diagnosed by multiple psychiatrists for years. Im too scared to kill my self. I guess Im just going to suffer here meaninglessly for the next 5070 years or so. Thank you for reading my dumb post. Its 6am so I should probably sleep. Have a nice day or night!","[1, 0]","[0.0, 0.0]"
"Im fine. Anyone else getting tired of telling people Im fine. Really Im not. I hardly get any sleep, even though I can feel myself being so exhausted. I was diagnosed a couple months ago with depression. I never knew I had it. But I always knew something was off about me. My parents try as they might really try to help me through this. But Sometimes they make it worse. I guess things really gone down hill after my relationship ended. My depression has kicked into high gear. Normally I would just drink the pain away. But Im really trying not to do that. I just dont really know what to do to make me happy anymore. Everything I do feels hopeless. My anxiety keeps me up at night, I have panic attacks everyday. Why am I like this. I go to school college I get good grades. I have a job. But I still have the bad thoughts. Nothing traumatic has ever happened to me. As of lately I only get a good 3 hours of sleep. Im tired all the time. I have no energy in me. Whats wrong with me.","[1, 1]","[0.0, 0.0]"
"Vacation time. Diagnosed depressed. Teraphymeds 20142015. It may seem weird, but I dont want to take vacation from work. Despite I am almost hating the work, when I will be free from it in the vacation time, I will be at home doing Nothing, wich is basically depressing even more. That happened last time. So, what are my choices? When I am at work I feel bad because of it. If I am on vacation I feel bad because of it.","[1, 0]","[0.0, 0.0]"
"Did an attempt, and feel like my life has been shittier now. How to put it better? Its all because of depression. Before I started struggling with depression, 6 years ago now, I was this happy little girl with a life of possibilities ahead of her. But, my mum and my stepdad separated, and then my friends started talking shit in my back. 4 years ago, I was raped, but I reconciled soon after with my friends. Every now and then, the trauma would come back to me, but I did my best to keep up. Ive had one boyfriend ever since, and the boy was lovely, but we all know how good things never last and screw ups like me ruin nice things, right? Ive been sitting in guilt for months, and 2 weeks ago I did an attempt and my life has never been filled with such Hell. Im an egotistical, selfish, toxic and absolutely horrible person. Im hiding at home because the only people that I know I can rely on for now are my parents, but im sure that soon enough. they will be tired of me. Nothing good ever comes my way anyways.","[1, 0]","[1.0, 0.0]"
"Its just in your personality to not finish things. Ive heard this exact statement thousands of times from my mother. I was a college dropout on three different occasions before I actually finished something. Even then I took something with good prospects of work and pay rather than anything I have any passion for. I dont always finish what I start but is that a personality trait or is it the result of years of soul crushing depression? Is it because of the intense fear of failure I feel because I was scrutinized under a microscope by my family and others around me for my entire life? It isnt as simple as laziness or a lack of discipline. Within the past year I told mental health professionals I didnt give a fuck if I died or not. Im not suicidal at the moment but Im completely indifferent to the thought of death. Ive come around some with the help of antidepressants and occasional therapy sessions but Im no beacon of happiness or contentment. If thats the stage of my life that Im at, how can I find any motivation or discipline? Ive spent my whole adult life functionating purely out of obligation. Im mentally and emotionally exhausted forcing myself each and every day to get out of bed let alone pursue anything thatll lead to any happiness. I am not lazy.","[1, 0]","[1.0, 0.0]"
"Struggles with memory. I have always had a pretty forgetful mind. However, since I have been diagnosed with major depressive disorder about six months ago and began taking antidepressants, my memory is slowly getting weaker and weaker by the day. I have been brushing off this persistent issue because I have been known to forget things often. However, today I realized how bad it has become. I was working at my desk and needed to grab a document from another office. I took the keys to unlock the door, walked in, and forgot what I needed. I went back and sat down at my desk for a few minutes, then remembered what it was that I needed. I grabbed my keys, walked back, unlocked the office, and forgot what I was there for a second time. This was all within ten minutes. Usually, I just stop mid sentence because I forget what I wanted to say. Or I open an email and forget to respond later. I know these are common mistakes, but its happening more often than I think it should. Instances of forgetfulness happen at least twice a day for me. I am only 22. Does anyone else have memory issues since becoming depressed or taking medication? I almost feel as though my depression is hindering my intellectual growth and preventing me from continuing to grow and learn. TIA!","[1, 0]","[0.0, 0.0]"
"cant make up my mind. I dont know if I should just kill myself or what, trying to weigh out things is very hard for me. If I kill myself, Ill finally be free from this horrendous face and body. Ill finally get to rest forever. But on the other hand, Isnt that selfish of me? some people are out there fighting for their lives, and here I am, trying to end mine. I also dont wanna hurt my family, and my therapist I mean, having your patient commit suicide must feel traumatic, right. But what if I stay and try to change things? then that would be good. Ill atleast have the chance to help my family. But what if I cant change things? like what if I ended up failing again after so many times? still the same fcked up kid, that would be hard on my parents, its better to end myself so that I can ease their burden as early as I can. I dont know. I am so confused.","[1, 0]","[1.0, 0.0]"
"Just waiting for some form of contentment to set in. I dont feel optimistic about ever being happy. My depression formed so early in my youth that this is just my normal and I dont have true moments of happiness to look back on to draw comparisons to my current mental state. Im currently sitting in the dinner I used to work at that my exboyfriend would drive me to all the time for my shifts. I sit alone imagining the nights we would just sit and stare at each other and sheepishly grin. He has such a cute dorky grin that I cant get over. Now that he has moved on to someone else I try not to think too often of his quirks because I know they are no longer mine and I think that hurts the most. Id give anything to forget everything though and I feel horrible for thinking that. In all honesty, I wish I could just keep reliving those moments over and over again because they feel like brief moments of serenity in my mind but I cant help but wonder if I could erase all of these memories maybe I wouldnt hurt so much. Hes all I think about and I just wish I never tried to have him in my life now. Id never wish this pain on anyone.","[1, 0]","[1.0, 1.0]"
"bad, bad day. i already tried posting this shit like 5 times and it doesnt show up. Im 20. im blank right now, but Ill try and explain what i felt in the moment. I dont deserve my boyfriend, I am a fake piece of shit who makes him think I dont care that much about his problems. Whod want to be with me anyways? I deserve having him break up with me, he said he wont do it but I deserve it because Ive been too centered on my own problems and Ive left him in the background and Im so sorry. When he told me I was playing so that helped me distract myself from what was actually happening but now I let it sink in and I feel horrible. I feel fake now because I dont feel as bad anymore but I was scared. I didnt cry on the floor and that made me feel fake? also I think youre not depressed, youre wasting other peoples time so just die, go away. you dont deserve people, but that lasts not too long and then Im fine and then Im bad again and fuck. i love my boyfriend, i dont want to be like this.","[0, 0]","[0.0, 0.0]"
"Feeling trapped my whole life, considering suicide on a daily basis. I have been diagnosed with Major Depressive Disorder and anxiety, and Ive always struggled with sleep, my sleep schedule always flys out of wack. I end up falling asleep at 5am and getting up at 3pm or even crazier hours. Ive missed so much school Im basically failing high school. Ive already tried to kill myself once, Im no longer seeing anybody for help. i went through three therapists and two psychiatrists and six different medications for depression and anxiety, none helped. Im sick of feeling trapped. Feeling lost and defeated right now.","[1, 1]","[0.0, 0.0]"
"Trapped in my own mind. I need to vent a little. I was diagnosed with depression a couple months ago and social anxiety several years ago. These days, I feel like Im trapped in my own mind, unable to escape a prison where Im forced to recount minuscule moments from my day and find ways to feel shitty about them. I want so badly to escape my own mind, and lately Ive been thinking the only way Ill be able to do so, is to die. But I dont really want to die, I just want to not feel like life is torture. Whats worse, is that I cant get over the anxiety of talking to someone about all this, and so I just keep going on in silence, feeling worse and worse, steadily falling down this unending pit. I keep asking myself how things got so bad, and what its going to take to get to a better place. The answer has been the same every time Ive asked myself these things I dont know. Not knowing scares me. Uncertainty is terrifying. And so, I trudge on, suffering in silence, smiling through gritted teeth.","[1, 1]","[1.0, 0.0]"
"The only thing stopping me from killing myself is my fear of death. I dont know what death will be, if it will be eternal nothingness or something else and if it is eternal nothingness then that scares me, having your entire conscience wiped from existence, basically ceasing to exist, that scares me because I cant imagine it, I wouldnt be here, where would I be? Where would my mind go? How can it just stop existing? I dont understand it. If I wasnt afraid of death like I am, I would definitely have killed myself by now. I attempted it last September and after that I began realising that I didnt know what death would hold and that is what is stopping me from leaving. I know I should, Im going nowhere in life, all I do is disappoint, I just am not suited for life on this earth, but I cant manage to get the thought of what happens after death out of my head. Im not religious at all, I dont believe in a heaven or hell, but I cant imagine not existing either.","[0, 0]","[0.0, 0.0]"
"Im sick of taking time off work because of medication side effects. Ive been working in this job for the last 2 years. During this time ive been changing medications a lot and ending up in psych wards a few times. When I first start on certain medications I usually get intense side effects like nausea, feeling out of it, headaches, anxiety, drowsiness, dizziness etc. I get paranoid that Ill act weird around my coworkers and I physically dont feel capable of doing my job while experiencing these side effects. This results in me calling in sick a lot more than I would like to. My work is very understanding and they know about my issues but I feel like they secretly hate me and are just waiting for me to quit. I just wish life didnt have to be so complicated for once, Im sick of this shit","[0, 0]","[0.0, 0.0]"
"Im back. I thought I was above this whole thing but I am not. Im back at rhe same shit again. I was diagnosed with depression since I was 8 years old, Im currently 18 But my darkest and brightest day were two years ago I selfsabotaged all my relationships, I became highly agressive, short tempered and just plain toxic to everyone around me. I wanted that because I didnt want any of my friends to be around me since I didnt felt like I deserved them. I spent a year at my house with only my parents as company, we argued every day until my dad beat my ass so hard that I just kept my mouth shut. Then he convinced me to hit the gym. So I did, I spent 6 months excercising, going to school, sleeping and excercising again. I started to get better grades, new friends and a GF. Everything was great. That was a year ago. Lately I feel like shit, Im constantly hating me and my body, I stopped excercising, Im getting more and more agressive by the day. I argue with my GF every single day, I cant control myself, Im constantly hoping for her to end our relationship so she doesnt suffer anymore and my friends are slowly drifting apart from me. The worst thing is that I dont feel anything about this, I just want this to happen so I can start again with people that dont know me. Pretend that Im normal until I fuck up again. You never escape it, huh? Its like cancer, it never gets cured, it just comes back stronger.","[1, 0]","[1.0, 0.0]"
"Express myself and be socialable. Hi guys,I have social anxiety and have been suffering from it for 10 years and now still taking low doses of psych meds.Today I feel a little bit stressful,hope later as the day continue I will feel better but I think if I am able to express myself,all my emotion which include anger,happiness,sadness,ETC I believe I will be able to feel better.I also try hard to be sociable as hard as possible.I dont mind taking my low doses meds,I just want dont want to feel anxious or depress","[0, 1]","[0.0, 0.0]"
"I cant stand life even thought Im privileged. Good parents, good friends, middle class, good grades without making an effort. Im just a teen with a good life yet I feel so hopeless and I want to die so bad. The only reason I havent killed myself Its because Im worried about my mom and my best friend, theyre both mentally ill and I know about the Werther Effect. Ive never been happy, always the jealous creppy, violent, sad girl. I was diagnosed with Major Depression in November, Im going to therapy but Its not enough. I cry over nothing, I scream or get violent over nothing, I cant stand myself, I feel like shit because my friends and parents are so sweet and understanding and Im cruel and awful. I already tried to kill myself before and cant stop thinking about doing it again. Sorry for my bad English Im Mexican.","[1, 1]","[0.0, 0.0]"
"How can I push a person nicely to do things to get out of their misery. Hear me out I have a friend who hasnt worked in a few years. Shes 21 and last work experience she had a horrible boss who left my friend with trauma from working. she also lives in a hyperreligious cult family as a trans personshes not out and cant be yet with abusive parents and had horrible anxietydepression. Shes also an Internet friend and wont let me help her with CUR. The only way to get out is to get a job. I have autism, bipolar and anxiety, so I get it, i really do. I got fired from a job for anxiety attacks. I really do get it. But Ive pushed myself to work, move out, and get away from my own narcissistdysfunctional family. It hurts to see her do nothing to help herself and it hurts her even more. Im very worried and dont know what to do.","[0, 1]","[0.0, 0.0]"
"I dont think psychiatry is for me. You ever feel like wanting to get help but just know doctors or counselors wont do any difference? I was diagnosed With MDD and GAD last year but was unfortunate enough to encounter bad psychiatrists that I felt only aggravated my condition. Thats when it hit me that psychiatry is empty talk and nothing else and the reason why I refused to go back to a professional. Im also surrounded with people afflicted with mental illness and I dont see them getting better with therapy and medicines. I dont know. Right now, Im kind of like living and taking it all in as I go and wait for me to finally have enough of everything. Nothing interests me anymore. I dont enjoy the things that I used to love doing. I just lay down every chance I get and try not to crack. I fake connections with friends to feel something or dont connect at all. Cant keep a job for too long because the whole process gets exhausting quickly. Im unemployed again and I can already hear inadequacy and selfloathing knocking on my door. In a few weeks, I will go jobhunting again and the cycle repeats. It also doesnt help that my birthday is coming up in a few days. Birthdays are specially harder. Ive been toying with the idea of killing myself and deleting all my social media accounts or before but Im fighting it. This is exhausting but Ive already accepted my fate and that no one else can help me.","[1, 1]","[1.0, 0.0]"
"this aint some boohoo my GF left me shit. Real life problems coupled with depression and anxiety. Legal problems, money is gone, no money. Eviction proceedings starting to happen. Car going to get repo. Cant sleep anymore. I beg for sleep and when I do get it I have nightmares. Suicide seems the logical thing to do. Seems like everything I touch turns to shit. I cant get a break to save my life. I know how to kill myself. I did a test run. Nobody can help me. If I tell anyone how bad things are and how I feel they will stick me in a psyche ward further making shit worse. I can hang myself easy. I did a test run in 2012. Woke up with a bad headache. Just make sure I am actually hanging this time. I would like to go to the hospital but I cant it will just make things worse. I need some kind of break. I need some hope. I dont want to die. I want my life back and I cant have it. Fuck, fuck, fuck.","[0, 0]","[0.0, 0.0]"
"I dont know if this is my depression or something else. I was diagnosed with depression and OCD at 16. At the moment and possibly even for the past few years I have been feeling pretty empty. I cant seem to feel much positive emotions and seem to be lacking in empathy and compassion. I remember feeling empathetic for people in the past and certain things can trigger empathy occassionally, but overall its pretty low. I thought I might have narcissistic personality disorder because I seem to have many of the traits needing to be better than others, not liking others success, etc., etc., but my psychologist said its unlikely. Im on antidepressants but they dont seem to be working. I feel so negative about everything and everyone. Very rarely do I experience positive emotions and when I do they dont last for very long. The things that I once derived great pleasure from no longer do anything for me. I even started to think perhaps Im a psychopath because honestly I feel pretty flat. My uncle died last week and everyone around me is distraught, and I have cried a few times, but I just cant relate to everyone else. In my head sometimes I inappropriately laugh. I guess my main question is has anyone else with depression experienced these things?","[1, 0]","[0.0, 0.0]"
"Loneliness is killing me. I dont know what to do. I have no friends and nobody to connect with. Even when I was a kid nobody tried to be my friend. I was always the kid who was outcasted from everything and all I know is loneliness. My very slim amount of friends claim to care, but as soon as I get depressed they turn away. It doesnt help that I just graduated High school either. The weight of the world is pushing further on me and Im scared. I have had nobody to share my milestones with or to talk with in real life my whole life. When I ask for help I get the typical bullshit responses Youre young, just grow and youll make more friends who actually care when youre older Everybody goes through it, cheer up and my all time favorite I was like you, and I eventually made friends. You will too! I dont know whether to just curl up into a ball and grow the balls to die or let the loneliness and isolation kill me.","[1, 0]","[0.0, 0.0]"
"VENT I cant stand this, I hate this and I just wanna die. I hate this ddisordewr, I hate my Psychosis and I have having Dyspraxia and not know if Im autistic or not this is pointless i cant deal with living like this anoymore i feel like theres no fucking point if my head is just gonna be like this for my life i am on meds but they are not helping which is making things seem more hopeless and i dont even have enough time to walk to the cliffs it calms me just walking there and i cant do that cause i have stupid bullshit work and i feel guily for just being snappy and irratible with my husband he does know about all this and is very understanding but i feel sorry for him putting him though this i cant even have therpay as i cant even talk about this stuff anymore please let me die","[0, 0]","[0.0, 0.0]"
"Started antidepressants but have lost all interest in hobbies. I started antidepressants probably about 6 months ago. I was diagnosed with generalized anxiety and depression. I have gotten a lot better emotionally Im not as sad and angry anymore however, I have been having a lot of problems with being interested in old hobbies. I work from home so I pretty much just work and watch shows or movies. I have also been having a lot of problems with jealousy with my friends. Its almost paranoia when I find out they havent told me something and I get angry and suspicious of them. Ive mentioned it to my doc but she says the jealousyparanoid isnt a side effect that she knows of. But does anyone have any tips or should I try different meds? Is this normal for antidepressants? Im just really lost and idk what to do. I dont want to listen to music or play my guitar or write or anything really.","[1, 1]","[0.0, 0.0]"
"I lost my glasses. I was doing really bad today. And then my dad took me to the mall and bought me some stuff and I started to feel better. But while we were out at dinner I realized my glasses were missing and I immediately felt like shit again. When we got home I checked everywhere. I cant find them, theyre probably somewhere on my campus and Im so pissed at myself. It seems like every little mistake I make adds to me remembering Im just shit. Now before you comment werent they on your face? I dont wear them all the time because Im still getting used to the very strong prescription and I dont remember which class or building I had them last in. Which is why I hate myself even more. I literally cant remember if I had my glasses or not YESTERDAY? Or Wednesday? Wtf is that? Why cant I remember? Its such shit! Why am I such shit? I know my dads probably pissed at me too because they were in expensive and we dont have that much money and now I feel extremely guilty. Also Im having a fuck ton of issues with my mom but thats another story. But Ive just been having a lot of excessive guilt lately.","[0, 0]","[0.0, 0.0]"
"Help me please, Im drowning in this crippling anxiety. Someone, please help me. Im tired of this elongated fight with social anxiety and low selfesteem. I cannot ever convince my brain that I am good enough or that I can be coolcomfortable around people or strangers. I always push myself away from others because I am afraid, because I always feel I am a failure and I cannot be cool enough. Please, any freaking working advice will do. Please, do not say Dont worry, we all feel the same way. Get your shit up and go out. Its all in your head. This kinda shit never works, and if anything only makes my condition get worse. Im starting to think that I will never win over this anxiety and every step that I take forward is only an illusion of this demon sleeping for a while, only until it wakes up then I get back to my fuckedup mental state. I really hate myself and my life. Please. Please, someone help me because I might not have mentioned it, but I also suffer from mild depression that cripples me some days as well and Im starting to lose hopegoal of life, soon I might just give up.","[0, 0]","[1.0, 1.0]"
"Depression and meds. Hi all, I have been diagnosed with severe depression for about a year now and have been reasonably ok with 100mg of Sertralline. My depression comes from being in pretty much constant pain due to chronic kidney disease and recently I was put on another different pain killer as tramadol wasnt cutting it, making my depression worsen. To cut to the chase, I have been given pregabalin To help with the pain, particularly over night and I have now found that I seem to be viewing the world differently and I am constantly angry. Does anyone know if this is just side effects or is it something I should be worried about? I know I should probably speak to my doctor, but its hard work even getting an appointment these days. Thanks","[1, 0]","[0.0, 0.0]"
"I can go for 23 weeks being up, productive, alert, normal. But then I crash for a week and cant get out of bed. I dont know how to fix this. Ive been dealing with depression, anxiety, anhedonia, and hypersomnia for 10+ years now Im 25. Before, it was so bad I never left the house for months at a time. Now its better enough to where Im going back to school, taking care of myself, etc, but I keep having these crashes every few weeks. Ive got phone calls and texts of people asking me whether Im OK, whether Im sick as an aside, its nice to have people actually giving a shit about you when youre down, and I see their perspective. Im a completely different person for like 3 quarters of the month, then I just collapse and cant bring myself to do anything or feel anything but sadness for a week or more. Does anyone else go through the same thing?","[1, 1]","[0.0, 0.0]"
"Zoloft experiences. Hey everybody. Im completely new to this. For a long time I knew something with me wasnt right, and it felt like each day,month, year that past I was slowly losing my grips with reality. I couldnt hold any interested, Id feel depressed all the time and really have made a 180 in my life. So I decided to go to my GP to which they subscribed me Zoloft 50mg then Lorazepam 1mg to hold me off until the Zoloft kicks in. I was diagnosed with depression and anxiety. So far I dont feel anything and I still feel extremely depressed and the lorazepam just knocks me out. Im a little worried that 50mg might be too low of a dose for me. Its only been 7 days of me taking them so far. What were your experiences?","[0, 0]","[0.0, 0.0]"
"Thought Id get out of it, but my reality shattered. Ive been doing so well, Ive tried so hard. Gym, clean diet, socializing, better style and haircut. But Ive been feeling so lonely seeing all my friends photos on FB from parties, while I never got invited to any. Started feeling really bad and messaged my gf about it looking for comfort, got told that I dont dress well enough, take care of myself and have lame sense of humor. All my confidence that Ive been working really hard lately has crumbled. I dont know what to do, my whole view on myself has fallen apart, I thought Id make it. I feel so empty again. Ive lost hope again.","[0, 0]","[1.0, 0.0]"
I miss at least being a functional depressed person. This quarantine has really just sucked the life out of me and Ive been in my longest phase of just not being able to do anything. Im a recent graduate and Im just sick of everything. I just dont get it. Why cant I at least function enough to take care of my responsibilities? Im medicated and it just feels like I continue to deteriorate away. My parents keep making offhand comments saying You spent all that tuition money just to wash some dishes around the house? Can you at least go outside and breathe some fresh air? It feels like Im just rotting away. I cant stop thinking about how time is important and I just choose to do nothing about it. The worst part is that I dont even feel better that Im not doing anything. It feels horrible. Maybe its because this is the first time in my life where I dont have school anymore so no real deadlines but I hate that I dont want to look up jobs for my major or at least finish my resume to send off. All I do is play a couple of mindless games on my phone and go to bed. I havent done what I love in like 6 months now. Ive stopped talking to my friends and keeping a conversation with them is so hard now. I just dont know what to do anymore or where to start.,"[0, 0]","[0.0, 0.0]"
"Poetry to Help my Depression 37 Coast to Coast. The wind whips my hair, see breeze howling. Atop the cliff, at the head, between waters. Waves roll in, I see my reflection scowling. Do I jump or do I just fall? One week of travelling, finding who I might be. Coast to River, to the castles of my mind. Fortified, isolated. Is there something I cant see? Your face, across the ocean. Calling. Just a delusion of the mind that I create. Something to wash away the vast loneliness. Cast yourself to the rocks, change this fate End your bitter life. Allow me renewal, as I fall to seas embrace. Guide me through life as the winds steal my soul. Put a smile back on this tired, empty face. Let me rule my own mind. I fear daily, you are lost forever, my dear. Eyes shall never meet again with sparks bright. Im escaping the emptiness of our home. I fear. One day, I will not return. Forever lost amongst the tide. For now, my time, I shall only bide.","[0, 0]","[0.0, 1.0]"
"At the brink of a breakup and feel like I dont have any reason to continue living. All I can think about is how its gonna be like not having him by my side, not being able to hug him or hold his hand, or take care of him when hes sick, or have crazy adventures and amazing discussions again. And I cant bear to live in a world like that. I also think that if its hard for him to break up with me but he wants to, then isnt killing myself the best way? Hell be free from me forever and I dont have to deal with the pain of losing him. I need help, I need someone to talk to. Im so broken right now. All i wanna do is curl up in his arms and listen to his voice. But I cant because I need to give him space to think. Fuck.","[0, 0]","[0.0, 0.0]"
"I need some advice for coping while providing for my family. Hi Reddit, I am afraid for my lively hood because I have been trying to cope for years and recently I hate my work. I know I shouldnt. I am paid decently but I work a good 7080 hours a week. I wake up in the morning and instantly start crying and I know it makes my partner really upset, and it truly makes her sad for me but worried Im going to quit my job out of some sort of rage one day. I have had this problem at most of my employment because Im not having fun at work. which I guess I do not have to, but if I spend that much of my day doing it. being miserable while dealing with depression is a recipe for disaster. I am the only provider for my family right now, and this means i cant just quit and be poor. I would love a work from home design job or something similar so if I need to, I can take a mental break. Im not sure where this was going but needed to ramble I guess.","[0, 0]","[0.0, 0.0]"
"Hygiene Question. So I was diagnosed with Major Depressive Disorder and Generalized Anxiety Disorder shortly after high school currently 23 years old, but I have had them since around 4th or 5th grade, maybe even longer. Brushing teeth and showering are the biggest chores for me. I rarely brush and I sometimes go weeks without a shower. I know its gross. I know I eventually have an odor, but its just not enough to make me shower or brush. Is there something I can do to ease my anxiety and frustration over my hygiene? Are there ways of making the tasks seem less overwhelmingexhausting? Idont know why I am like this, I wish I wasnt, but some tips and advice would be greatful. Its enough that Im not very productive, but my bad hygiene tends to be an embarrassment and I feel ashamed that I cant function like a normal human sometimes.","[1, 1]","[0.0, 0.0]"
How can I love my baby and still think about suicide. I am 8 months pregnant. I find myself repeating in my head I want to slit my wrists. Upon waking random throughout the day etc. I also smile sometimes when I imagine gory thoughts of myself dead. I dont understand why I do this. I love the baby I am about to have and want to keep him safe and take care of him. I am also with the father still. So idk why I keep thinking these thoughts. I have diagnosed dysthymia. But this feels so much more pervasive and harsh. I hate myself because of my appearance now. I feel worthless. I dont feel loved by my fiance. I feel like I just exist. I feel like some weak thing that deserves to be ended. I dont feel like Ive ever really hated myself like I do at this point in my life. Currently taking Zoloft and glad I can manage at least to the point where Im not crying constantly and hyperventilating because I cant kill myself.,"[1, 0]","[1.0, 0.0]"
"My depression is so bad. Im a 22 years old female.Ive never was diagnosed with depression but I know all the signs. Ive been dealing with this for so long, ever since I was in elementary school.Waking up to the same thing everyday . hating my self so much . my life is ridiculous. idk what to do anymore whats really bad is the amount of hate I have for my self.and my own family dont even notice it. I cant afford therapy either.","[0, 0]","[0.0, 0.0]"
"need some support. Im 16 yo and ive been struggling with depression for about 13 months now. Its been a long process that ive been waiting out patiently, but in times like today I cant help wanting to give up. I developed an ulcer as soon as I developed depression, and tonight ive been throwing up and going through the worst stomach pain aswell as the fact that I woke up today depersonalized with no substance of any sort. Right now I am waiting the pain of today out and trying not to slip deeper into the mind state that I should finally put myself out of my misery and stop going through a cycle of pain. I dont expect anything out of this, but im hoping maybe someone with a similar experience or someone with kind words could message back. Maybe make my night more positive or give me something to look forward to when I wake up tomorrow.","[1, 0]","[0.0, 0.0]"
"Somebody has it worse then you Am I the only one that does not find gratitude and comfort in that. That is a very popular thing people say to you if you express suffering from one or several conditions, and it has also become my goto thought if I am feeling bad. lots of people have it worse then you Yes, tinnitus is no fun, but at least you can hear yes, floaters are no fun, but at least you can see depression and anxiety is no fun, but people out there have worse conditions I tell myself these things over and over to try and make myself feel better about my situation and I hear of others for whom it works, but for me.no difference in my moodmental state from it. Anybody else who dont find comfort in that somebody has it worse then you?","[0, 0]","[0.0, 0.0]"
"im so tired. im tired of everything, absolutely everything. im tired of being a fuck up. im tired of my narcissistic mother that verbally and emotionally abuses me on the daily and has done this ever since i was very little. im tired of the trauma that fucks with me everyday from when my mom used to physically abuse me when i was younger and from when i used to get beat up on the daily at my old school. im tired of not being a good enough son for my mom or anybody else. im so tired of my mental illnesses. im tired of being a burden. im tired of living. maybe i really should fucking kill myself. for the past few days my mom has been yelling at me more than usual and shes been telling me how much better her life would be if i was never around and how i fucked up her life so much with my mental illnesses and that im the cause of every single bad thing in her life. maybe i am as bad as my mom tells me i am, maybe i deserve the abuse from my mom. maybe the reason why my dad left me and doesnt care about me is because he knew that i would turn out to be a disaster. maybe one day ill finally kill myself.","[0, 0]","[0.0, 0.0]"
"Feeling bad luck everyday. Does anyone remember the saying that A gloomy person only brings a rainy cloud on top or something Similar to that? Well I may not have a rainy cloud on my physically, but mentally and emotionally it feels more than a rainy cloud but more like constant thunderstorm, in this term it feels like everyday ever since I was diagnosed with heavy depression, The thunderstorms and thunderbolts represent the constant karma or bad luck coming back to me for all of the shitty things Ive prob done to deserve it, like being a disappointment to them, to my only older brother, to all of my peers and friends and not meeting their expectations. It feels like a curse living through it everyday having something always causing you harm and feeling the odds against in my favor in life. Maybe its God teaching me a lesson, or maybe its the Devil messing with me. Or maybe outside religious views, its just nature toying with me. Sorry to sound confusing heh. maybe it would he nice to solidify all of the roaming thoughts racing in my head regarding taking Option 2 or just get help and send me away. I appreciate everyone who has the time and patience to read through this. I know it can be hard to understand.","[1, 1]","[1.0, 0.0]"
"Currently dealing with a panic attack. Im visiting my husbands aunt and uncles house with him. Our part of the world is experiencing a really, really bad heat wave. The house doesnt have AC. I am having trouble calming down and sleeping. Its oppressively hot in the guest bedroom. Can barely breathe. Stomach is upset. Have a pounding headache. Im sweating through the linens. Nothing is helping. Im upset about being so upset and feeling embarrassed because I am struggling. I cant sleep. Tomorrow Im supposed to attend an outdoors family gathering during the hottest part of the day, on a record breaking day of heat. Bathroom facility is primitive and the only respite from the outdoors is a small ACless cabin. Im also anxious about attending this event. Im afraid Ill need to cool down or will have anxiety poops. Goddamnit I hate this so much. Any advicetips? Thank you. Sincerely, A Panicky Puddle of Sweat and Tears","[0, 0]","[0.0, 0.0]"
I feeling useless. Im not strong enough to live in this world. With all thats going on in the world I dont know how I can make it better and just feel so shitty and worthless. People have it so much worse so I feel so guilty for feeling this way Btw I was diagnosed with clinical depression when I was in high school. Im 32 now. I feel like I will feel like this forever. I want to curl up and die or even better not wake up from my sleep.,"[1, 0]","[1.0, 0.0]"
"My abdominal muscles when I remember my ndad. My ndad and I have been estranged for about 45 months now. Since the estrangement, I have noticed feeling this desire to tighten my abdominal muscles when I remember something my ndad did or didnt do that led me to feel so much pain as a result of feeling angry, hurt or depressed by all the hurt he has caused me. The only other time I think of tightening my abdominal muscles is during exercise because I remember when I used exercise videos, the instructor would instruct such. Im taking medications at the very least, I am trying and am going to therapy so I hope I am handling this pretty well, just wanted to get second opinions. Should I be concerned about this? Do you have any idea why one would desire to tighten abdominal muscles in this situation or in situations such as these?","[0, 0]","[0.0, 0.0]"
"Im not good at anything. Ive realised lately that I suck at pretty much everything. I used to be okay, academically, got decent enough grades and got into University, but I chose to do a creative course, and Im not much of a creative person. Ideas dont come naturally to me and my artwork has a lot to be desired. Nowadays Im trying to do more colouring and drawing, and filling up sketchbooks and scrapbooks, but Im just not creative enough, and it hurts. My writing isnt up to professional standard so I couldnt take that further if I wanted to, and my designing isnt as good as it should be for designers, which is another career choice down the drain. As for other things, like Science and Maths, Im not good enough to carry those on. For a while Ive thought of getting fit enough to maybe join the police or the army, but Ive suffered with depression and anxiety most of my life, as well as dealt with substance abuseaddiction, selfharm problems, and been admitted to hospital on two separate occasions for suicide attempts, so I doubt Ill ever be allowed to do something in a professional capacity within the army or police. What else is there? Im in retail right now but I hate it with a passion. I hate talking to customers who do everything to avoid me, trying to get along with staff who talk behind my back, and feeling anxious every night before I sleep and when I wake up again. I just feel lost, like I have no talents. Im 99 sure Ill be stuck in a dead end job for most of my life, which for my sake and everybody elses I hope doesnt last very long.","[0, 1]","[0.0, 0.0]"
"I cant even feel anything anymore. I cant really explain it well. Ive had diagnosed depression for over 7 years now been on multiple medications, multiples therapistspsychiatrists. When I was first diagnosed it was hard but I could force my way through it and still enjoy things and people. Now I cant feel anything. I have to remember when to smile and laugh so people dont ask me whats wrong. Its like all I can feel is sadness and sometimes anger and even those feelings are slowly going away, and Im worried I eventually wont feel anything. I dont know if its better to feel only sadness or to feel nothing at all? Im just becoming a husk of the man I used to be and I could care less anymore.","[1, 0]","[0.0, 0.0]"
"I became to intense to fast again and now she has broken up with me and ghosting me. And my BPD symptoms have massively increased i dont know how to deal with it. My girlfriend broke up with me last night. Wasnt given much of a reason other than she wanted to explore her options. I think it was just an excuse to get a break and she said we will probably end up back together. More proof its just to take a break. Its probably mostly because i fell back into the trap of what i always do. Put this person on a pedestal as a perfect human, become very clingy. Became way to intense way to fast. So this all accumulated into a shit storm of a break up. As well as leaving me in a awful state. All enhanced by my BPD. She said she wanted to be friends for a little while. Which is better than completely abandoning me. But now she is ghosting me and i dont know what to do. I just need some sort of support. Its all my fault if only i was just fucking normal. But that aint allowed.","[0, 0]","[0.0, 0.0]"
"I woke up again. I hate waking up. Often times my dreams are incomprehensible garbled ideas, or legitimate thought patterns and scenarios. Theyre usually a lot better than my real life. I hate waking up because I lose that dream I have friends, activities I enjoy, Im happy. I hate dreams like that, because theyre all the more depressing to wake up from. Part of one dream last night was me hanging out with a friend. They were a reflection of a real friend I have, but we were closer, happier, and the world was bright as we hung out and laughed. I wish I didnt have to wake up to that torture of real life anymore. I just want to be happy.","[0, 0]","[0.0, 0.0]"
"Cymbalta success stories. Hey dear people, I recently just was increased from 60mg to 90mg two days ogo. I see hope in getting medicated by it but I also read all the horror stories about quitting it and the horrible withdrawals cymbalta gives you. I would be very interested to hear about some success stories using cymbalta for social anxiety and severe depression. I didnt get any effects from 60mg regarding my anxiety and depression including cognitive deficits but I said Im trustful about its effects. Could someone report how bad the withdrawals really are? Is it manageable if you dose down step by step? How did it help your social anxiety and depression or even cognitive deficits?","[1, 1]","[0.0, 0.0]"
"I have drug problems but idk what Id even do with myself if I was always sober. I think this is like my 3rd or 4th post on this sub. I come here to vent when I get really fucking sad or whatever like now and then usually delete the post later. But I honestly just dont know what the fuck Im doing anymore. My parents got really fucking mad at me for smoking weed in the house last night. My relationship with them has been very strained since I came home from university this summer. Im going to be a junior but Im doing very poorly in school right now, just lost my academic scholarship and I got about one semester to get it together before I go on academic probation. I dont give a fuck about school. Im realizing now I dont really give a fuck about anything except getting high or drunk or jerking off or having sex. I dont even feel like I care about my friends or family. What the fuck is the point of all this shit? People always ask where you see yourself in 10 years or whatever and I cant see myself anywhere thats good, the way my life is going maybe Ill be a fucking drug addict.","[0, 0]","[1.0, 0.0]"
"Everyone has a dream, mine is to be normal and live. Why my life has to be very very very difficult ?so many road blocks and disadvantages. I am living in a 3rd world miserable African sink hole, I have planning on getting a work visa since a long time but first I need to take a test that proves that I can speak English . The ilets test, shouldnt be hard for me since I chat in English on social media since I was 17, that test has 4 sections reading, writing, listening and speaking. One of the mental illnesses I got from my mothers messed up gens is ADHD and my mind can NEVER pay attention to anything so some of these would be extra hard for me, there are samples yo can download and I miserably failed the listening test, Oh BTW the exam is online now due to covid and our internet is very unstable, JUST GREAT. I am just very upset that I was born in this African cesspool of poverty corruption and dictators, was born with these mental illnesses, was born in in a messed up family with ignorant narcissist parents. Even if I was enough even if I had IQ of an iPhone price tag it wouldnt make any difference as long as I am living in this miserable situation, I dont want to vent I want to get the hell out of this miserable family out of this filthy country literally and once I am living an actual life then we can worry about my mental health, because this is not a life this is slow suffocating death.","[0, 0]","[0.0, 0.0]"
"The most interesting thing about me is my mental health. I know its kind of a weird thing to say but sometimes its how I feel. The only interesting thing about me is the fact Im mentally ill. Ive been in and out of counselling since I was 8. I have depression and anxiety, and this summer I was diagnosed with adhd. Which isnt an illness, just a new diagnoses to check off the list. If people ask me to tell them about myself I really have to think about what to say. Because most people dont even want to hear about this kind of thing. So I just tell people oh I went to this school and I have this many siblings, blah blah blah. Outside of my mental health, nothing has ever happened in my whole life. I went to school, graduated, now I go to university. What are you studying at university? I dont know, nothing. I just take classes that sound interested or easy. I honestly dont know why Im obsessing over this. Obviously not everyones lives are going to be interesting. But the emptiness in my life, leaves me feeling unsurprisingly empty. My brain just keeps coming back to, whats the point, why bother. And really the only thing I can come up with is, i dont want to live, but I am not going to kill myself. So I might as well just do the things Im supposed to do. I might as well just Go to school. No matter how soul sucking it is.","[1, 1]","[1.0, 0.0]"
"Antidepressants Your Thoughts? + Ramblings. Hey all, What are your experiences with antidepressants? When should one consider them? I was diagnosed with major depressive disorder when I was 11. The doctor wanted to put me on medicine then, but my mom refused, probably for good reason. Now I am 22, and it is returning. Around 6 months ago, I stopped going to the gym, started overeating again, and generally began disliking the company of others. I am finally starting to work out again, after losing 60 pounds last year, and gaining 30 back this year. If I have free reign for a couple of days, I can sleep for a legitimate 36 hours. Sour moods are rampant in my mind, although I know how inportant it is to put a strap on negative thoughts. I try to be positive.look up.be active. But this isnt normal. Is depression a symptom of the times we are in? What are your thoughts on antidepressants? And what are the long term effects of antidepressants? I am a generally happy person. Relatively successful for my age, and looked up to by many. But none of this matters right now. I hate this feeling. For a decade, I thought I was immune to depression, until it returned. I want to be happy. I hate this so much. And I hate this society we are subjected to. I know what makes me happy. Art. Writing. Owning my own business. But this feeling just crushes me. And it never leaves me.","[1, 0]","[1.0, 1.0]"
"I laid in bed for almost 2 hours and it felt like 30 minutes of fullon pain. just. emotional pain. I woke up feeling quite decent, just lazy but I didnt feel bad but then I started to feel more and more tired as hours passed by and then I couldnt take it anymore and I laid on my bed feeling such a pressure in my heart and throat and feeling just completely exhausted. I remember being so fragile during those hours and it felt like I didnt have perception of time. Next thing I know, almost two hours had passed and I was still feeling like shit. I didnt want to eat but I had to, so I forced myself to make myself something to eat and went straight back to bed, now Im here writing this down. I hate this. I have therapy in 1 hour and a half and I dont want to go outside, but I have to.","[0, 0]","[0.0, 0.0]"
"I feel so trapped. I CANT kill myself. Its like its built in to just be fucked either way. Theres no easy way out. if it wasnt for my family and girlfriend I would pretty much without question opt to kill myself, I believe. Probably right now. But I couldnt bear doing that to my family. I know it would fuck with them forever. I have to stay here for them. But I want to go so bad. Why do I have to care so much? .Id be dead. But just knowing that that would be their future. No one ever understands my mindset. They dont want to see the world, and life, the way I see it. It is in fact a boring dystopia that we live in. I dont think I could be convinced otherwise. I know its hurting you, but its killing me.","[0, 0]","[1.0, 0.0]"
"Feeling super weird and i need help. So friends I took some ecstacy tonight and Im not feeling good and I need some help with what I can do. I took it like 3 hours ago and I dont even really feel that high just very like weird and my heart is beating really fast. I dont want to talk or lie down or touch anyone I just feel really consumed by some physical feeling that is really bothering me. What can I do to make this better? Ive sat with my friend, taken all the deep breaths I can and generally am in a really good atmosphere and mood its just my body feels like so fucking weird. I didnt eat so much today, would eating something help? How can I kill this without a Xanax guys. UPDATE hey friends, took everyones advice and my friends and I have been listening to music, cuddling and watching one of those fireplace loops. So Im feeling better. I also high key think it could have been caffeine because i didnt feel that high but Im SUPER sensitive to caffeine. Anyways all you guys are lovely, I hope you had a great night and succeed at whatever challenge youre facing right now.","[0, 0]","[0.0, 0.0]"
"Effexor experience anyone try. Hey guys, I have been so fatigued lately and unmotivated. My doctor doesnt think I have hypothyroidism or anemia and wants me to get a blood test I have to do it soon but Im scared to lol He also prescribed me Effexor and wants me to ween myself off of Prozac and take it. I currently take 30 mg of Prozac at night and 30 mg of Adderall IR in the morning. Im scared to take Effexor, I know my reaction to it could be good or bad and different than other people, but people who have been on it. thoughts? I hate being on medication for depression","[0, 0]","[0.0, 0.0]"
"I am crying alone in the dark in my room, I feel helpless and life feels pointless, except. Objectively I know I dont have a bad life. I know Ive had it fairly easy baring some childhood nonsense. My family and friends are good people who love me. I have a job that I despise but it pays the bills and its stable. I have no debt to my name at the moment. Im in a good and healthy relationship. I should be be happy. I should be grateful. I should be satisfied and motivated to work for better and improve. Instead I wish I had the stomach to take my own life. Im in isolation since I tested positive for covid so it wouldnt surprise anyone to not hear from me for some days. Covid could even be blamed for it. I have this intense misery that periodically just sets in and today it has me by the throat. I can see good and I know it can get better so why do I keep coming back to giving up, to this stand still dark and depressing mood, to this absolute empty and self loathing feeling? I hate this. I wont act on it. Ill simmer in it. Never got me to cry before. Its getting worse. Thats all Im going to get for holding on, more rounds with this hopeless, undefeatable invisible opponent that will keep coming back worse and worse and worse. What a bleak future to live for. Spent the last three weeks picking myself up. Fitness. Psychology. Friends. Affirmations. I did it right. I was sure I did. So why the fuck is it in my head again? I just want to be happy. I just want to be okay.","[0, 0]","[1.0, 1.0]"
"How would one get his hands on Parnate without a psychiatrist. SWIM is suffering from Devastating TreatmentResistantDepression, tried a vast amount of Medications, Supplements, Nootropics, Series of Bilateral ECT, Deep TMS, Therapy, LMethylfolate for MTHFR mutation, Clean blood works and so on. SWIM is interested in trying Parnate, an irreversible MAOI that is known for its great success in TRD. But there is no way for SWIM to convince a psychiatrist to write SWIM a prescription, let alone bring SWIM to a psychiatrist due to extreme lack of motivation and anxiety. SWIM needs to save himself because the mental health field had let him down, SWIM is suffering immensely, and is highly suicidal, SWIM can pay extra. SWIM has searched the deep web Dream Market with no avail, is there any known reliable online paramacy that could ship worldwide without prescription? Help would be highly highly appreciated.","[0, 0]","[0.0, 0.0]"
In need of support. I work teaching little kids to dance and I couple kids quit so my boss was furious. She came to watch my class that I had 0 training for IDK why she even thought I should teach it and yelled at me the entire time in front of the kids. She said my class is awful and boring and thats why the kids hate it and quit. It got to the point where I was bawling and she said stop crying just fix it! And I am literally hating myself. I have been crying on and off the whole time Ive gotten home since and it was last night. I am diagnosed with severe depression and thought maybe people here could help. I feel hopeless. I have no motivation to work on my school work. I just wanna fade away,"[1, 0]","[0.0, 0.0]"
"Is smoking weed while on Zoloft a bad idea. Ive been feeling a lot better thanks to Zoloft. Life is going good and I feel comfortable and somewhat happy at times. I still have a lot of issues I need to work on which is why I go to therapy every two weeks. I sometimes think I should go once a week but I dont know. Im also on mirtazapine and risperidone. Is there anything wrong with smoking weed every week? Im not using it to cope or anything. I just use it because it is fun and relaxing. I just like to smoke and paint on canvases and listen to music. I know how easy it is to be addicted to it. I dont smoke every single second and every single day. I mostly just smoke late at night and chill. My therapist said that it can increase anxiety and depression. All my friends think Im fine and its not a big deal I smoke. But ganja these days is very powerful. And I sometimes worry about what its doing to my brain. Ive been smoking the past 4 weeks and havent had any issues. A few bad trips here and there when I got too high, but still, it was all very enjoyable. My psychiatrist was telling me how its dangerous because Im buying it from the streets. And that it could be laced and I might end up in the emergency room. Ive been smoking for the past 2 years at age 24 and never had anything laced or anything like that. I know smoking weed isnt a great habit. And its not really the greatest thing to be doing, but I just like to chill and draw in my sketchbook and listen to some music. Is that such a bad thing?","[1, 1]","[0.0, 0.0]"
"Im sorry, Dad. I was diagnosed with a bunch of things when I was about 1415. Depression and anxiety are among those and theyve been impacting me the most. Ive been on medication for it for years and years and obviously you have to go through trials and stuff with new medication to see what works for you. My dad has never been supportive in any way of this or me regarding my depression and I think he thinks Im faking it. Its put such a strain on our relationship along with other things that happened and I feel horrible for not wanting to speak to him regularly because regardless of his lack of support, he always taken care of me and loved me. Its almost like he doesnt believe that depression is real. I really struggle to build a relationship with him because I always have this underlying feeling that something happened when I was a child and it holds me back from bonding with him but I have no idea what that something is or if Im making it upimagining it. I just feel like he judges me on EVERYTHING. Am I a shitty person for not being able to just fully love him? How do you deal with unsupportive family? Especially parents?","[1, 1]","[0.0, 0.0]"
"Episodes of Atypical Depression vs Episodes of Major Depressive Disorder ELI5. My understanding 1. Major Depressive Disorder is diagnosed in a patient who has at least one depressive episode that has certain characteristics. 2. This episode is called a major depressive episode. One of the features such an episode is that it lasts at least two weeks. 3. Atypical Depression is a subtype of Major Depressive Disorder. 4. Related Depression, MDD, Atypical Depression ELI5 nbsp Questions 1. So is the subdisorder atypical depression diagnosed after at least one atypical depressive episode? 2. So the symptoms here then describe not the subdisorder atypical depression but rather than an atypical depressive episode of the subdisorder atypical depression ? 3. Is an atypical depressive episode supposed to last for at least two weeks? Wikipedia and DSM says mood reactivity is a symptom of atypical depression or an atypical depressive episode. I believe then that if mood reactivity reduces the depression, then the length of the atypical depressive episode may vary. 4. In terms of the episodes, how can atypical depression be a subtype of major depressive disorder? I thought atypical depression or atypical depressive episodes has or have mood reactivity, hypersomnia and increased appetite while major depressive disorder or major depressive episodes has or have insomnia and decreased appetite and doesnt or dont have mood reactivity. It seems to me that instead atypical depression and major depressive disorder are types of depressive disorders rather than atypical depression being a subtype of major depressive disorder, but there arent depressive disorders other than major depressive disorder? That seems kind of strange.","[0, 0]","[0.0, 0.0]"
"A question about depression. Hello! I am technically diagnosed with schizophrenia, severe anxiety, and depression. However, I dont really feel that depression fits me. I have spoken to my therapist about not thinking anything at all, despite knowing technically that is wrong, youre always thinking something. I have also told her that the only emotions I feel strongly are sadness and anger. Other than that, I feel like a mech being driven by someone, and the someone is my brain, but theyre just asleep a lot. I legitimately feel this way, no exaggeration. My mom was on Prozac when she had me, and my entire family believes that is why my mind and emotions are particularly blank, compared to my brother which was planned for therefore she was never on anything. Will Prozac do that to a child, and is that what depression is? I just thought depression was extreme sadness all the time.","[1, 1]","[0.0, 0.0]"
Addiction and worrying about accidently killing myself. As some of you are aware my boyfriend dumped me start of may ish and I went to the doctor being suicidal and having panicked attacks she referred me to cbt still waiting for that and prescribed me anxiety tablets which also works for heart problems to slow the heart down We are back together now and Im trying my best to prove to him Im not crazy the constant paranoia and arguments was the reason he broke up with me I am on 40mg and I am supposed take 1 twice a day One time I was having a really bad time crying etc and felt really really suicidal so I took 7 noting happened thankfully The day after I still felt like crap so I took 4 I noticed that I felt more confident engaging in conversations with people I havent taken them in weeks and today I wanted to feel confident so I took 4 of them and It didnt work and now Im worried Im gonna do some damage to my heart I always always keep saying I didnt want to take tablets even paracetamols Im scared of the side effects and what itll do to my body but at the time I just wanted to end it all but I also dont want this fear of going into a shop to speak to someone,"[0, 1]","[1.0, 0.0]"
"Lost one of my reasons to live today. This year has been fucking shitty. I lost someone I thought I could trust, which triggered my suicidal thoughts to surface again after being manageable the last couple of years. I got robbed in my own neighborhood while walking home. Some bastard kidnapped one of my rabbits. And today, one of my other rabbits passed away suddenly. She was born while I was at my lowest and taking care of her gave me a purpose, and she was always there for me. Shed helped me go through life but I let her down and I feel so guilty and awful and just. devastated. I dont even know what else to do now. Why the fuck do I even try anymore.","[0, 0]","[0.0, 0.0]"
"Its getting worse. I was diagnosed with depression quite a few years ago, but have been suffering with it for much longer. I began taking meds for it about a year or so ago and it seemed to be getting better. Things were still pretty terrible, but at least I didnt think about all the ways I could kill myself anymore. Even on days where I forgot to take my medicine, I was okay. But then things started getting bad again. I lost my job, but luckily I had a second job that I went full time to. I lost my health insurance and with it, my prescriptions. My husband and I have been fighting about money because we cant afford a lot of things. The house we are living in has no heat, no water, no kitchen or bathroom. We are quite literally living like animals simply because we cannot afford to live anywhere else. I have a pretty bad eating disorder because I choose not to eat if it means my husband can instead. Thoughts of suicide have started entering my brain again. About how much easier it would be for my family if they didnt have to deal with me anymore. How my husband could move on to a better life without me holding him back. I would never act on my thoughts. Im too much of a coward. But its hard going every day pretending everything is fine in front of my friends and coworkers. I dont want to die but I dont want to live anymore.","[1, 0]","[0.0, 0.0]"
"Im so afraid of people. Im a 30yearold man who works at customer service over the phone. I dont love the job, but I try my best to put myself in peoples shoes and assist them in the best way I can. Some people are lovely, but some of them are mean just for being mean, and I hate that. Why is it so hard for people to treat others nicely? Or at least politely? I hate it because it really gets to me. When someone is intimidating, I get this awful sensation in my stomach and chest, and it stays there for the rest of the day, and even upcoming days. It drains my energy and makes me stay in bed for days. I feel so weak for letting people I dont know do this to me, but I dont know how to deal with it sometimes. Today I couldnt manage to sit on my chair and work, because these horrible people have taken all my good energy away. I hate them!","[0, 0]","[0.0, 0.0]"
"Decided to reach out a little. Tldr Should I stay or should I go? So a little background. I was diagnosed with and medicated for depression from about age 13 to 18, Im 28 now. After I got off my meds and became a real boy I thought I was cured because I was out living life with people for the first time since I was like 7. It didnt take long for my depression to come crashing back down, and Ive been becoming more and more isolated as the years go. The periods of depression are more brief, but much more intense lately. I recently proposed to my girlfriend of several years, and wouldnt you know it my new thing that I get fixated on when my depression hits is bailing on the life weve made so she can do better with someone else. Im sure this is a pretty common sentiment, but weve lived together most of our relationship and we also work together, and Ive just started to feel like a burden. She always says the depression is something she can put up with but she just seems worn out, and Im just convinced that Im the reason. Im pretty anxious too, and usually when we have a day off together Im in a bad mood or just no fun, and it seems like its taking a toll on her and the relationship. So Im thinking bail, just like always. Thanks for reading, hope everyone else is having an ok day.","[1, 0]","[1.0, 1.0]"
"Does anybody else have trouble expressing anger. All my life I have had trouble externalizing anger out of fear that people are going to leave me so now everytime I get angry, which is often, legitimate reason or not, I tell myself I am crazy so I never express to other people what angered me and its eating me alive. At most, I start getting somatizations and shaking but thats about it. Does anyone else feel this way? Does anyone else have tips on how to tell people things that bother youmake you angry without fearing you will explode?","[0, 1]","[1.0, 0.0]"
"Im so anxious that Im annoying my friends or they dont enjoy talking to me. I keep over thinking and feeling extremely anxious that my friends feel Im annoying, a burden or just not a fun person to talk to, Im so scared of simply asking them hey, am I annoying or anything? As that would just make the anxiety worse because Id overthink about how needy Im being to them, or what if they think Im being weird. I just dont want to keep feeling so much anxiety, Im laying here while my heart is beating so fast with a nervous stomach. I dont know of anything that can make it go away","[0, 0]","[0.0, 0.0]"
"Unlikely that Ill do anything right now but I need a place to let everything out. On paper my life should be so much better right now, I have amazing friends whom I love, a place I feel safe in, hobbies I enjoy, a somewhat good future ahead. In reality I just dont feel happy or even satisfied, I feel Im going to lose all this in moments to come, every good thing about my life is slowly going to crumble away. I have so much anxiety every night, feelings of worthlessness and loneliness. I choose to be selfdestructive so that I dont burden others, for example keeping everything bottled up so I dont upset, annoy or burden other people. While I know this is harmful to myself, I somehow just dont care, I dont see myself living past 30, I dont care about anything materialistic, I dont care about saving money, I recklessly spend money on myself and friends because I know that Im not going to be around for long. I also know that I cant put my friends or family through something as horrible as me leaving, so I feel Im stuck in an emotionally torturous life that I have to deal with until either everyone in my life leaves me or it gets too much to handle. Ive spoken to a close friend about some these feelings and shes been so understanding about it, but Ive barely told her anything as serious as this and I dont think thats something I ever want to put anyone through","[0, 0]","[0.0, 0.0]"
"A proper mess. Im 41, was diagnosed with severe depression in my early 20s. Relationships were virtually nonexistent, anyone who I liked backed off when I told them about my illness. However one didnt, we ended up getting married. All good then? Not really, I didnt want to be on my own and at the time I thought I could make it work. Weve got two wonderful children who I love more than anything. What I didnt realise is what life would be like Ive had years of being treated like crap and being made to feel like crap by my wife. I cant leave it would break the kids hearts and I would expect their mum to do everything she can to hurt me even if that means using the kids. Twice Ive been close to suicide, both times I was found before I could do anything. That extreme thought has not been there for years however its now sitting there in my head, taunting me. Its a battle. Its an easy way out for me a few minutes and all the years of torture finished but I cant imagine the impact that would have on the kids. I needed to write it down somewhere to try and get some of it out of my head.","[1, 0]","[1.0, 0.0]"
"Depressed again for a stupid reason. So. Im extremely depressed and disappointed with myself because of a silly stupid thing. I played some blackjack. started with 30 euro. Won myself up to about 800. Which is alot of money to me. I got excited and told my girlfriend and parents that I won it and was going to take my girlfriend out for dinner sometime. then I made the STUPID FUCKING mistake of betting some of it again. And down the spiral I go, I lost and I lost and I lost. Left with 30 bucks so I atleast got my original deposit back but still it sucks so much and I hate myself for doing this. Ive had alot of issues with depression in the past and have been diagnosed with ptsd and chronic depression. I was doing fine for awhile thanks to my medication but ever since college started I was doing worse and worse. Especially that day, I failed my drivers theory exam with 1 mistake too much worst feeling and then this happend, I got so happy and just crushed myself into the ground. I hate myself. Sorry for being sad for a stupid trivial reason. but I needed to vent.","[1, 0]","[1.0, 0.0]"
"Life just keeps getting more complicated. You would think after years of bad breaks, something good would come into your life and stay but in reality the world owes you nothing and will chew you up and spit you out if you let it and i do. I dont feel like Im strong enough to be a part of the life i was dealt with.i am so frustrated and full of anxiety that i am always clenching my teeth and hold my breath. I think it got so bad that it caused my sleep apnea to get worse. I just dont know what to do anymore. I have these really depressive episodes from time to time and i cant seem to control my emotions anymore. When it gets really bad i have a total mental breakdown. I want all this pain to finally end. Cant go another year go by wasted being miserable and hopeless. I just cant.","[0, 0]","[0.0, 0.0]"
"Im wasting my life and I dont have a future. Im a high school senior who is applying to college this year theoretically. Most of my friends can write and do so much every day, but Im just sitting here doing nothing with my life. I feel so tired every day as soon as I wake up and feel like I just dont have the energy to write those essays and talk to my teachers and counselor, or even friends. Before all this shit I did very well at school and had a bunch of friends, now, I can barely do anything. I was diagnosed with moderate depression and anxiety last week, and the antidepressants arent working yet and probably wont work because its a weird herbal pill, and I feel like Im just wasting more and more of my life and I cant even go to a good college when I get a bit better because of my depression right now. My life is already a wreck now and I dont see how I can make it better.","[1, 1]","[0.0, 0.0]"
